path,rows,delimiter,columns,likely_period,likely_topic
data/datasets/01-listado-de-ingresantes-al-periodo-academico-2025-ii-universidad-nacional-del-centro-del-pe/01-descargar.csv,884,",",FECHA_CORTE|UUID|PERIODO_INGRESANTE|DEPARTAMENTO|PROVINCIA|DISTRITO|TIPO_ADMISION|ESCUELA|SEXO,PERIODO_INGRESANTE,ingresantes
data/datasets/02-listado-de-estudiantes-beneficiarios-del-servicio-de-comedor-universitario-en-el-periodo/01-descargar.csv,1268,",",FECHA_CORTE|UUID|BENEFICIO_DESAYUNO|BENEFICIO_ALMUERZO|PERIODO_ACADEMICO|ESCUELA_PROFESIONAL|ESTADO_MATRICULA|CICLO_ACADEMICO|SEXO|EDAD|DEPARTAMENTO|PROVINCIA|DISTRITO,PERIODO_ACADEMICO,comedor
data/datasets/03-listado-de-estudiantes-que-obtuvieron-el-grado-de-bachiller-en-el-periodo-2025-i-universid/01-descargar.csv,384,",",FECHA_CORTE|UUID|FACULTAD|FECHA_MATRICULA|FECHA_EGRESO|DENOMINACION_GRADO|PROGRAMA_ESTUDIO|MODALIDAD_OBTENCION|FECHA_RESOLUCION,,bachiller
data/datasets/04-listado-de-estudiantes-que-obtuvieron-el-grado-de-bachiller-en-el-periodo-2025-ii/01-descargar.csv,514,",",FECHA_CORTE|UUID|FACULTAD|FECHA_MATRICULA|FECHA_EGRESO|DENOMINACION_GRADO|PROGRAMA_ESTUDIO|MODALIDAD_OBTENCION|FECHA_RESOLUCION,,bachiller
data/datasets/05-listado-de-estudiantes-que-obtuvieron-el-grado-de-bachiller-en-el-periodo-2026-i-universid/01-descargar.csv,252,",",FECHA_CORTE|UUID|FACULTAD|FECHA_MATRICULA|FECHA_EGRESO|DENOMINACION_GRADO|PROGRAMA_ESTUDIO|MODALIDAD_OBTENCION|FECHA_RESOLUCION,,bachiller
data/datasets/06-listado-de-postulantes-al-proceso-de-admisi-c3-b3n-2026-i-universidad-nacional-del-centro/01-descargar.csv,15548,",",FECHA_CORTE|UUID|ESCUELA|DEPARTAMENTO|PROVINCIA|DISTRITO|TIPO_ADMISION|PERIODO_APLICANDO|FECHA_NACIMIENTO|EDAD|SEXO,PERIODO_APLICANDO,postulantes
data/datasets/07-listado-de-postulantes-al-proceso-de-admisi-c3-b3n-2025-ii-universidad-nacional-del-centro/01-descargar.csv,5172,",",FECHA_CORTE|UUID|ESCUELA|DEPARTAMENTO|PROVINCIA|DISTRITO|TIPO_ADMISION|PERIODO_APLICANDO|FECHA_NACIMIENTO|EDAD|SEXO,PERIODO_APLICANDO,postulantes
data/datasets/08-listado-de-postulantes-al-proceso-de-admisi-c3-b3n-2025-i-universidad-nacional-del-centro/01-descargar.csv,14475,",",FECHA_CORTE|UUID|ESCUELA|DEPARTAMENTO|PROVINCIA|DISTRITO|TIPO_ADMISION|PERIODO_APLICANDO|FECHA_NACIMIENTO|EDAD|SEXO,PERIODO_APLICANDO,postulantes
data/datasets/09-listado-de-postulantes-al-periodo-academico-2024-ii-universidad-nacional-del-centro-del-pe/01-descargar.csv,5344,",",FECHA_CORTE|UUID|ESCUELA|DEPARTAMENTO|PROVINCIA|DISTRITO|TIPO_ADMISION|PERIODO_APLICANDO|FECHA_NACIMIENTO|EDAD|SEXO,PERIODO_APLICANDO,postulantes
data/datasets/10-listado-de-ingresantes-al-periodo-academico-2025-i-universidad-nacional-del-centro-del-per/01-descargar.csv,1244,",",FECHA_CORTE|UUID|PERIODO_INGRESANTE|DEPARTAMENTO|PROVINCIA|DISTRITO|TIPO_ADMISION|ESCUELA|SEXO|EDAD|FECHA_NACIMIENTO,PERIODO_INGRESANTE,ingresantes
data/datasets/11-listado-de-ingresantes-al-periodo-academico-2024-ii-universidad-nacional-del-centro-del-pe/01-descargar.csv,980,",",FECHA_CORTE|UUID|PERIODO_INGRESANTE|DEPARTAMENTO|PROVINCIA|DISTRITO|TIPO_ADMISION|ESCUELA|SEXO|EDAD|FECHA_NACIMIENTO,PERIODO_INGRESANTE,ingresantes
data/datasets/12-listado-de-estudiantes-que-egresaron-en-el-periodo-2025-ii-universidad-nacional-del-centro/01-descargar.csv,902,",",FECHA_CORTE|UUID|PERIODO_SALIENTE|PERIODO_INGRESANTE|DEPARTAMENTO|PROVINCIA|DISTRITO|TIPO_ADMISION|ESCUELA|SEXO|EDAD|FECHA_NACIMIENTO,PERIODO_SALIENTE|PERIODO_INGRESANTE,ingresantes
data/datasets/13-listado-de-estudiantes-que-egresaron-en-el-periodo-2024-ii-universidad-nacional-del-centro/01-descargar.csv,197,",",FECHA_CORTE|UUID|PERIODO_SALIENTE|PERIODO_INGRESANTE|DEPARTAMENTO|PROVINCIA|DISTRITO|TIPO_ADMISION|ESCUELA|SEXO|EDAD|FECHA_NACIMIENTO,PERIODO_SALIENTE|PERIODO_INGRESANTE,ingresantes
data/datasets/14-listado-de-estudiantes-que-egresaron-en-el-periodo-2025-i-universidad-nacional-del-centro/01-descargar.csv,129,",",FECHA_CORTE|UUID|PERIODO_SALIENTE|PERIODO_INGRESANTE|DEPARTAMENTO|PROVINCIA|DISTRITO|TIPO_ADMISION|ESCUELA|SEXO|EDAD|FECHA_NACIMIENTO,PERIODO_SALIENTE|PERIODO_INGRESANTE,ingresantes
data/datasets/15-listado-de-alumnos-beneficiarios-del-comedor-universitario-de-la-universidad-nacional-del/01-descargar.csv,1498,;,FECHA_CORTE|CODIGO_MATRICULA|UUID|SERVICIO|FACULTAD|DEPARTAMENTO|PROVINCIA|DISTRITO|UBIGEO|SEMESTRE|SEXO|EDAD|PERIODO_ACADEMICO,PERIODO_ACADEMICO,comedor
data/datasets/16-listado-de-inscritos-en-cepre-de-la-universidad-nacional-del-centro-del-peru-uncp/01-descargar.csv,2601,;,FECHA_CORTE|UUID|FECHA_NACIMIENTO|AÑO_EGRESO|CODIGO_ESTUDIANTE|DEPARTAMENTO_SEDE_ESTUDIO|PROVINCIA_SEDE_ESTUDIO|DISTRITO_SEDE_ESTUDIO|NOMBRE_SEDE|SALON_SEDE|CARRERA_PROFESIONAL|CODIGO_CARRERA|AREA|FECHA_MATRICULA|HORA_MATRICULA|,,egresados
data/datasets/17-listado-de-postulantes-al-proceso-del-examen-de-admisi-c3-b3n-2024-1-de-la-universidad-nac/01-descargar.csv,7425,;,FECHA_CORTE|TIPO_DOCUMENTO|UUID|SEXO|FECHA_NACIMIENTO|ESTADO_CIVIL|SEDE_EXAMEN|MEDIO_DIFUSION|ESCUELA_PROFESIONAL|CODIGO_ESCUELA|MODALIDAD|PAIS|DEPARTAMENTO_NACIMIENTO|PROVINCIA_NACIMIENTO|DISTRITO_NACIMIENTO|DEPARTAMENTO_RESIDENCIA|PROVINCIA_RESIDENCIA|DISTRITO_RESIDENCIA|TIPO_EDUCACION_SECUNDARIA|CONCLUSION_ESTUDIOS_SECUNDARIA|NOMBRE_INSTITUCION,,postulantes
data/datasets/18-listado-de-estudiantes-egresados-en-el-periodo-academico-2024-i-universidad-nacional-del/01-descargar.csv,376,",",FECHA_CORTE|UUID|ESCUELA_PROFESIONAL|PERIODO_ADMISION|PERIODO_EGRESO|NOTA_PROMEDIO|SEXO,PERIODO_ADMISION|PERIODO_EGRESO,egresados
data/datasets/19-listado-de-estudiantes-que-obtuvieron-el-grado-de-bachiller-en-el-periodo-2024-i-universid/01-descargar.csv,2038,",",FECHA_CORTE|UUID|FACULTAD|SEXO|FECHA_MATRICULA|FECHA_EGRESO|DENOMINACION_GRADO|MODO_OBTENCIÓN|PROGRAMA_ESTUDIO,,bachiller
data/datasets/20-listado-de-estudiantes-beneficiarios-del-comedor-universitario-2025-1-universidad-nacional/01-descargar.csv,1594,;,FECHA_CORTE|UUID|SERVICIO|FACULTAD|ESCUELA_PROFESIONAL|DEPARTAMENTO|PROVINCIA|DISTRITO|UBIGEO|PERIODO_ACADEMICO,PERIODO_ACADEMICO,comedor
data/datasets/21-listado-de-ingresantes-al-periodo-academico-2024-i-universidad-nacional-del-centro-del-per/01-descargar.csv,1478,",",FECHA_CORTE|UUID|MODO_INGRESO|MATRICULA_REALIZADA|ESCUELA_PROFESIONAL|UBIGEO_DOMICILIO,,ingresantes
data/datasets/22-listado-de-estudiantes-egresados-de-la-universidad-nacional-del-centro-del-per-c3-ba-2022/01-descargar.csv,818,;,FECHA_CORTE|UUID|DEPARTAMENTO|PROVINCIA|DISTRITO|UBIGEO|NIVEL_ACADEMICO|PERIODO_EGRESO|FECHA_EGRESO|ESCUELA_PROFESIONAL|SITUACION|MODALIDAD_ESTUDIO|SEDE,PERIODO_EGRESO,egresados
data/datasets/23-listado-de-estudiantes-beneficiarios-del-comedor-universitario-de-la-universidad-nacional/01-descargar.csv,1500,;,FECHA_CORTE|UUID|SERVICIO|FACULTAD|ESCUELA_PROFESIONAL|DEPARTAMENTO|PROVINCIA|DISTRITO|UBIGEO|SEMESTRE|SEXO|PERIODO_ACADEMICO,PERIODO_ACADEMICO,comedor
data/datasets/24-lista-de-ingresantes-periodo-2023-1-uncp/01-descargar.csv,1505,;,FECHA_CORTE|UUID|CODIGO_CARRERA|NOMBRE_CARRERA|CICLO|CAMPUS|DEPARTAMENTO|PROVINCIA|DISTRITO|UBIGEO|FECHA_NACIMIENTO|SEXO|PERIODO_INGRESO|TIPO_EXAMEN,PERIODO_INGRESO,ingresantes
