dataset_title,dataset_url,description,resource_url,final_url,resource_label,resource_source,local_path,bytes,content_type,status
listado-de-ingresantes-al-periodo-academico-2025-ii-universidad-nacional-del-centro-del-per%C3%BA,https://www.datosabiertos.gob.pe/dataset/listado-de-ingresantes-al-periodo-academico-2025-ii-universidad-nacional-del-centro-del-per%C3%BA,Este conjunto de datos recopila información acerca de los ingresantes al periodo académico 2025-II de la Universidad Nacional del Centro del Perú Las modalidades de postulación son: Normal Ordinario Participante Libre Ordinario Afectados Por La Violencia Social Comunidades Indígenas Deportista Destacado Discapacidad Hijo De Comuneros Primeros Puestos Segunda Carrera Traslado Externo Traslado Interno Este DATASET esta caracterizado por: FECHA_CORTE UUID PERIODO_INGRESANTE DEPARTAMENTO PROVINCIA DISTRITO TIPO_ADMISION ESCUELA SEXO,https://www.datosabiertos.gob.pe/sites/default/files/INGRESANTES-2025-2_0.csv,https://www.datosabiertos.gob.pe/sites/default/files/INGRESANTES-2025-2_0.csv,Descargar  ,file_link,data/datasets/01-listado-de-ingresantes-al-periodo-academico-2025-ii-universidad-nacional-del-centro-del-pe/01-descargar.csv,134439,application/octet-stream,downloaded
listado-de-ingresantes-al-periodo-academico-2025-ii-universidad-nacional-del-centro-del-per%C3%BA,https://www.datosabiertos.gob.pe/dataset/listado-de-ingresantes-al-periodo-academico-2025-ii-universidad-nacional-del-centro-del-per%C3%BA,Este conjunto de datos recopila información acerca de los ingresantes al periodo académico 2025-II de la Universidad Nacional del Centro del Perú Las modalidades de postulación son: Normal Ordinario Participante Libre Ordinario Afectados Por La Violencia Social Comunidades Indígenas Deportista Destacado Discapacidad Hijo De Comuneros Primeros Puestos Segunda Carrera Traslado Externo Traslado Interno Este DATASET esta caracterizado por: FECHA_CORTE UUID PERIODO_INGRESANTE DEPARTAMENTO PROVINCIA DISTRITO TIPO_ADMISION ESCUELA SEXO,https://www.datosabiertos.gob.pe/sites/default/files/DICCIONARIO%20DE%20DATOS%20INGRESANTES%202025-2.xlsx,https://www.datosabiertos.gob.pe/sites/default/files/DICCIONARIO%20DE%20DATOS%20INGRESANTES%202025-2.xlsx,Descargar  ,file_link,data/datasets/01-listado-de-ingresantes-al-periodo-academico-2025-ii-universidad-nacional-del-centro-del-pe/02-descargar.xlsx,11437,application/vnd.openxmlformats-officedocument.spreadsheetml.sheet,downloaded
listado-de-ingresantes-al-periodo-academico-2025-ii-universidad-nacional-del-centro-del-per%C3%BA,https://www.datosabiertos.gob.pe/dataset/listado-de-ingresantes-al-periodo-academico-2025-ii-universidad-nacional-del-centro-del-per%C3%BA,Este conjunto de datos recopila información acerca de los ingresantes al periodo académico 2025-II de la Universidad Nacional del Centro del Perú Las modalidades de postulación son: Normal Ordinario Participante Libre Ordinario Afectados Por La Violencia Social Comunidades Indígenas Deportista Destacado Discapacidad Hijo De Comuneros Primeros Puestos Segunda Carrera Traslado Externo Traslado Interno Este DATASET esta caracterizado por: FECHA_CORTE UUID PERIODO_INGRESANTE DEPARTAMENTO PROVINCIA DISTRITO TIPO_ADMISION ESCUELA SEXO,https://www.datosabiertos.gob.pe/sites/default/files/METADATOS%20INGRESANTES%202025-2.docx,https://www.datosabiertos.gob.pe/sites/default/files/METADATOS%20INGRESANTES%202025-2.docx,Descargar  ,file_link,data/datasets/01-listado-de-ingresantes-al-periodo-academico-2025-ii-universidad-nacional-del-centro-del-pe/03-descargar.docx,21148,application/vnd.openxmlformats-officedocument.wordprocessingml.document,downloaded
listado-de-estudiantes-beneficiarios-del-servicio-de-comedor-universitario-en-el-periodo,https://www.datosabiertos.gob.pe/dataset/listado-de-estudiantes-beneficiarios-del-servicio-de-comedor-universitario-en-el-periodo,"Este conjunto de datos recopila información acerca de los beneficiarios al servicio de comedor universitario del periodo academico 2026-I de la Universidad Nacional del Centro del Perú. Este DATASET esta caracterizado por: Fecha de corte de la información del estudiante beneficiario. Código único de identificación del estudiante beneficiario (UUID), anonimizado. Indicador de si el estudiante beneficiario recibe el servicio de desayuno universitario. Indicador de si el estudiante beneficiario recibe el servicio de almuerzo universitario. Periodo académico del estudiante beneficiario. Nombre de la escuela profesional del estudiante beneficiario. Estado de matrícula del estudiante beneficiario (matriculado, reservado, retirado, entre otros). Ciclo académico en el que se encuentra el estudiante beneficiario. Sexo del estudiante beneficiario: femenino y masculino. Edad del estudiante beneficiario, expresada en años cumplidos. Departamento donde el estudiante beneficiario recibe el beneficio. Provincia donde el estudiante beneficiario recibe el beneficio. Distrito donde el estudiante beneficiario recibe el beneficio.",https://www.datosabiertos.gob.pe/sites/default/files/COMENSALES-2026-1.csv,https://www.datosabiertos.gob.pe/sites/default/files/COMENSALES-2026-1.csv,Descargar  ,file_link,data/datasets/02-listado-de-estudiantes-beneficiarios-del-servicio-de-comedor-universitario-en-el-periodo/01-descargar.csv,202833,application/octet-stream,downloaded
listado-de-estudiantes-beneficiarios-del-servicio-de-comedor-universitario-en-el-periodo,https://www.datosabiertos.gob.pe/dataset/listado-de-estudiantes-beneficiarios-del-servicio-de-comedor-universitario-en-el-periodo,"Este conjunto de datos recopila información acerca de los beneficiarios al servicio de comedor universitario del periodo academico 2026-I de la Universidad Nacional del Centro del Perú. Este DATASET esta caracterizado por: Fecha de corte de la información del estudiante beneficiario. Código único de identificación del estudiante beneficiario (UUID), anonimizado. Indicador de si el estudiante beneficiario recibe el servicio de desayuno universitario. Indicador de si el estudiante beneficiario recibe el servicio de almuerzo universitario. Periodo académico del estudiante beneficiario. Nombre de la escuela profesional del estudiante beneficiario. Estado de matrícula del estudiante beneficiario (matriculado, reservado, retirado, entre otros). Ciclo académico en el que se encuentra el estudiante beneficiario. Sexo del estudiante beneficiario: femenino y masculino. Edad del estudiante beneficiario, expresada en años cumplidos. Departamento donde el estudiante beneficiario recibe el beneficio. Provincia donde el estudiante beneficiario recibe el beneficio. Distrito donde el estudiante beneficiario recibe el beneficio.",https://www.datosabiertos.gob.pe/sites/default/files/DICCIONARIO%20DE%20DATOS%20COMENSALES%202026-1.xlsx,https://www.datosabiertos.gob.pe/sites/default/files/DICCIONARIO%20DE%20DATOS%20COMENSALES%202026-1.xlsx,Descargar  ,file_link,data/datasets/02-listado-de-estudiantes-beneficiarios-del-servicio-de-comedor-universitario-en-el-periodo/02-descargar.xlsx,11770,application/vnd.openxmlformats-officedocument.spreadsheetml.sheet,downloaded
listado-de-estudiantes-beneficiarios-del-servicio-de-comedor-universitario-en-el-periodo,https://www.datosabiertos.gob.pe/dataset/listado-de-estudiantes-beneficiarios-del-servicio-de-comedor-universitario-en-el-periodo,"Este conjunto de datos recopila información acerca de los beneficiarios al servicio de comedor universitario del periodo academico 2026-I de la Universidad Nacional del Centro del Perú. Este DATASET esta caracterizado por: Fecha de corte de la información del estudiante beneficiario. Código único de identificación del estudiante beneficiario (UUID), anonimizado. Indicador de si el estudiante beneficiario recibe el servicio de desayuno universitario. Indicador de si el estudiante beneficiario recibe el servicio de almuerzo universitario. Periodo académico del estudiante beneficiario. Nombre de la escuela profesional del estudiante beneficiario. Estado de matrícula del estudiante beneficiario (matriculado, reservado, retirado, entre otros). Ciclo académico en el que se encuentra el estudiante beneficiario. Sexo del estudiante beneficiario: femenino y masculino. Edad del estudiante beneficiario, expresada en años cumplidos. Departamento donde el estudiante beneficiario recibe el beneficio. Provincia donde el estudiante beneficiario recibe el beneficio. Distrito donde el estudiante beneficiario recibe el beneficio.",https://www.datosabiertos.gob.pe/sites/default/files/METADATOS%20COMENSALES%202026-1.docx,https://www.datosabiertos.gob.pe/sites/default/files/METADATOS%20COMENSALES%202026-1.docx,Descargar  ,file_link,data/datasets/02-listado-de-estudiantes-beneficiarios-del-servicio-de-comedor-universitario-en-el-periodo/03-descargar.docx,19197,application/vnd.openxmlformats-officedocument.wordprocessingml.document,downloaded
listado-de-estudiantes-que-obtuvieron-el-grado-de-bachiller-en-el-periodo-2025-i-universidad,https://www.datosabiertos.gob.pe/dataset/listado-de-estudiantes-que-obtuvieron-el-grado-de-bachiller-en-el-periodo-2025-i-universidad,"Este conjunto de datos recopila información acerca de los estudiantes egresados que obtubieron el grado de bachiller durante el periodo 2025 – I de la Universidad Nacional del Centro del Perú Este DATASET está caracterizado por: Documento Nacional de Identidad del estudiante, anonimizado Facultad al que pertenece el estudiante Fecha de matricula Fecha de egreso Denominación del grado obtenido Programa de estudio del estudiante Modalidad de obtención del grado de bachiller Fecha de resolución emitida Las modalidades de obtención de bachiller son: Bachillerato Automático. Curso Trabajo de Investigación",https://www.datosabiertos.gob.pe/sites/default/files/Listado%20de%20estudiantes%20que%20obtuvieron%20el%20grado%20de%20bachiller%20en%20el%20periodo%202025-I_0.csv,https://www.datosabiertos.gob.pe/sites/default/files/Listado%20de%20estudiantes%20que%20obtuvieron%20el%20grado%20de%20bachiller%20en%20el%20periodo%202025-I_0.csv,Descargar  ,file_link,data/datasets/03-listado-de-estudiantes-que-obtuvieron-el-grado-de-bachiller-en-el-periodo-2025-i-universid/01-descargar.csv,81726,application/octet-stream,downloaded
listado-de-estudiantes-que-obtuvieron-el-grado-de-bachiller-en-el-periodo-2025-i-universidad,https://www.datosabiertos.gob.pe/dataset/listado-de-estudiantes-que-obtuvieron-el-grado-de-bachiller-en-el-periodo-2025-i-universidad,"Este conjunto de datos recopila información acerca de los estudiantes egresados que obtubieron el grado de bachiller durante el periodo 2025 – I de la Universidad Nacional del Centro del Perú Este DATASET está caracterizado por: Documento Nacional de Identidad del estudiante, anonimizado Facultad al que pertenece el estudiante Fecha de matricula Fecha de egreso Denominación del grado obtenido Programa de estudio del estudiante Modalidad de obtención del grado de bachiller Fecha de resolución emitida Las modalidades de obtención de bachiller son: Bachillerato Automático. Curso Trabajo de Investigación",https://www.datosabiertos.gob.pe/sites/default/files/DICCIONARIO%20DE%20DATOS%20-%20OBTENCION%20DE%20BACHILLER%20-%202025-I.xlsx,https://www.datosabiertos.gob.pe/sites/default/files/DICCIONARIO%20DE%20DATOS%20-%20OBTENCION%20DE%20BACHILLER%20-%202025-I.xlsx,Descargar  ,file_link,data/datasets/03-listado-de-estudiantes-que-obtuvieron-el-grado-de-bachiller-en-el-periodo-2025-i-universid/02-descargar.xlsx,11471,application/vnd.openxmlformats-officedocument.spreadsheetml.sheet,downloaded
listado-de-estudiantes-que-obtuvieron-el-grado-de-bachiller-en-el-periodo-2025-i-universidad,https://www.datosabiertos.gob.pe/dataset/listado-de-estudiantes-que-obtuvieron-el-grado-de-bachiller-en-el-periodo-2025-i-universidad,"Este conjunto de datos recopila información acerca de los estudiantes egresados que obtubieron el grado de bachiller durante el periodo 2025 – I de la Universidad Nacional del Centro del Perú Este DATASET está caracterizado por: Documento Nacional de Identidad del estudiante, anonimizado Facultad al que pertenece el estudiante Fecha de matricula Fecha de egreso Denominación del grado obtenido Programa de estudio del estudiante Modalidad de obtención del grado de bachiller Fecha de resolución emitida Las modalidades de obtención de bachiller son: Bachillerato Automático. Curso Trabajo de Investigación",https://www.datosabiertos.gob.pe/sites/default/files/METADATOS%20-OBTENCI%C3%93N%20DE%20GRADO%20DE%20BACHILLER%202025-I%20-%20UNCP.docx,https://www.datosabiertos.gob.pe/sites/default/files/METADATOS%20-OBTENCI%C3%93N%20DE%20GRADO%20DE%20BACHILLER%202025-I%20-%20UNCP.docx,Descargar  ,file_link,data/datasets/03-listado-de-estudiantes-que-obtuvieron-el-grado-de-bachiller-en-el-periodo-2025-i-universid/03-descargar.docx,20550,application/vnd.openxmlformats-officedocument.wordprocessingml.document,downloaded
listado-de-estudiantes-que-obtuvieron-el-grado-de-bachiller-en-el-periodo-2025-ii,https://www.datosabiertos.gob.pe/dataset/listado-de-estudiantes-que-obtuvieron-el-grado-de-bachiller-en-el-periodo-2025-ii,"Este conjunto de datos recopila información acerca de los estudiantes egresados que obtubieron el grado de bachiller durante el periodo 2025 – II de la Universidad Nacional del Centro del Perú Este DATASET está caracterizado por: Documento Nacional de Identidad del estudiante, anonimizado Facultad al que pertenece el estudiante Fecha de matricula Fecha de egreso Denominación del grado obtenido Programa de estudio del estudiante Modalidad de obtención del grado de bachiller Fecha de resolución emitida Las modalidades de obtención de bachiller son: Bachillerato Automático. Curso Trabajo de Investigación",https://www.datosabiertos.gob.pe/sites/default/files/Bachiller_2025_2.csv,https://www.datosabiertos.gob.pe/sites/default/files/Bachiller_2025_2.csv,Descargar  ,file_link,data/datasets/04-listado-de-estudiantes-que-obtuvieron-el-grado-de-bachiller-en-el-periodo-2025-ii/01-descargar.csv,110105,application/octet-stream,downloaded
listado-de-estudiantes-que-obtuvieron-el-grado-de-bachiller-en-el-periodo-2025-ii,https://www.datosabiertos.gob.pe/dataset/listado-de-estudiantes-que-obtuvieron-el-grado-de-bachiller-en-el-periodo-2025-ii,"Este conjunto de datos recopila información acerca de los estudiantes egresados que obtubieron el grado de bachiller durante el periodo 2025 – II de la Universidad Nacional del Centro del Perú Este DATASET está caracterizado por: Documento Nacional de Identidad del estudiante, anonimizado Facultad al que pertenece el estudiante Fecha de matricula Fecha de egreso Denominación del grado obtenido Programa de estudio del estudiante Modalidad de obtención del grado de bachiller Fecha de resolución emitida Las modalidades de obtención de bachiller son: Bachillerato Automático. Curso Trabajo de Investigación",https://www.datosabiertos.gob.pe/sites/default/files/DICCIONARIO%20DE%20DATOS%20-%20BACHILLERES%202025-2.xlsx,https://www.datosabiertos.gob.pe/sites/default/files/DICCIONARIO%20DE%20DATOS%20-%20BACHILLERES%202025-2.xlsx,Descargar  ,file_link,data/datasets/04-listado-de-estudiantes-que-obtuvieron-el-grado-de-bachiller-en-el-periodo-2025-ii/02-descargar.xlsx,11377,application/vnd.openxmlformats-officedocument.spreadsheetml.sheet,downloaded
listado-de-estudiantes-que-obtuvieron-el-grado-de-bachiller-en-el-periodo-2025-ii,https://www.datosabiertos.gob.pe/dataset/listado-de-estudiantes-que-obtuvieron-el-grado-de-bachiller-en-el-periodo-2025-ii,"Este conjunto de datos recopila información acerca de los estudiantes egresados que obtubieron el grado de bachiller durante el periodo 2025 – II de la Universidad Nacional del Centro del Perú Este DATASET está caracterizado por: Documento Nacional de Identidad del estudiante, anonimizado Facultad al que pertenece el estudiante Fecha de matricula Fecha de egreso Denominación del grado obtenido Programa de estudio del estudiante Modalidad de obtención del grado de bachiller Fecha de resolución emitida Las modalidades de obtención de bachiller son: Bachillerato Automático. Curso Trabajo de Investigación",https://www.datosabiertos.gob.pe/sites/default/files/METADATOS%20BACHILLERES%202025-2.docx,https://www.datosabiertos.gob.pe/sites/default/files/METADATOS%20BACHILLERES%202025-2.docx,Descargar  ,file_link,data/datasets/04-listado-de-estudiantes-que-obtuvieron-el-grado-de-bachiller-en-el-periodo-2025-ii/03-descargar.docx,20626,application/vnd.openxmlformats-officedocument.wordprocessingml.document,downloaded
listado-de-estudiantes-que-obtuvieron-el-grado-de-bachiller-en-el-periodo-2026-i-universidad,https://www.datosabiertos.gob.pe/dataset/listado-de-estudiantes-que-obtuvieron-el-grado-de-bachiller-en-el-periodo-2026-i-universidad,"Este conjunto de datos recopila información acerca de los estudiantes que obtuvieron en grado de bachiller en periodo academico 2026- 1 de la Universidad Nacional del Centro del Perú Este DATASET está caracterizado por: Documento Nacional de Identidad del estudiante, anonimizado Facultad al que pertenece el estudiante Fecha de matricula Fecha de egreso Denominación del grado obtenido Programa de estudio del estudiante Modalidad de obtención del grado de bachiller Fecha de resolución emitida Las modalidades de obtención de bachiller son: Bachillerato Automático. Curso Trabajo de Investigación",https://www.datosabiertos.gob.pe/sites/default/files/Bachiller_2026_1.csv,https://www.datosabiertos.gob.pe/sites/default/files/Bachiller_2026_1.csv,Descargar  ,file_link,data/datasets/05-listado-de-estudiantes-que-obtuvieron-el-grado-de-bachiller-en-el-periodo-2026-i-universid/01-descargar.csv,53586,application/octet-stream,downloaded
listado-de-estudiantes-que-obtuvieron-el-grado-de-bachiller-en-el-periodo-2026-i-universidad,https://www.datosabiertos.gob.pe/dataset/listado-de-estudiantes-que-obtuvieron-el-grado-de-bachiller-en-el-periodo-2026-i-universidad,"Este conjunto de datos recopila información acerca de los estudiantes que obtuvieron en grado de bachiller en periodo academico 2026- 1 de la Universidad Nacional del Centro del Perú Este DATASET está caracterizado por: Documento Nacional de Identidad del estudiante, anonimizado Facultad al que pertenece el estudiante Fecha de matricula Fecha de egreso Denominación del grado obtenido Programa de estudio del estudiante Modalidad de obtención del grado de bachiller Fecha de resolución emitida Las modalidades de obtención de bachiller son: Bachillerato Automático. Curso Trabajo de Investigación",https://www.datosabiertos.gob.pe/sites/default/files/DICCIONARIO%20DE%20DATOS%20BACHILLERES%202026-1.xlsx,https://www.datosabiertos.gob.pe/sites/default/files/DICCIONARIO%20DE%20DATOS%20BACHILLERES%202026-1.xlsx,Descargar  ,file_link,data/datasets/05-listado-de-estudiantes-que-obtuvieron-el-grado-de-bachiller-en-el-periodo-2026-i-universid/02-descargar.xlsx,11378,application/vnd.openxmlformats-officedocument.spreadsheetml.sheet,downloaded
listado-de-estudiantes-que-obtuvieron-el-grado-de-bachiller-en-el-periodo-2026-i-universidad,https://www.datosabiertos.gob.pe/dataset/listado-de-estudiantes-que-obtuvieron-el-grado-de-bachiller-en-el-periodo-2026-i-universidad,"Este conjunto de datos recopila información acerca de los estudiantes que obtuvieron en grado de bachiller en periodo academico 2026- 1 de la Universidad Nacional del Centro del Perú Este DATASET está caracterizado por: Documento Nacional de Identidad del estudiante, anonimizado Facultad al que pertenece el estudiante Fecha de matricula Fecha de egreso Denominación del grado obtenido Programa de estudio del estudiante Modalidad de obtención del grado de bachiller Fecha de resolución emitida Las modalidades de obtención de bachiller son: Bachillerato Automático. Curso Trabajo de Investigación",https://www.datosabiertos.gob.pe/sites/default/files/METADATOS%20BACHILLERES%202026-1.docx,https://www.datosabiertos.gob.pe/sites/default/files/METADATOS%20BACHILLERES%202026-1.docx,Descargar  ,file_link,data/datasets/05-listado-de-estudiantes-que-obtuvieron-el-grado-de-bachiller-en-el-periodo-2026-i-universid/03-descargar.docx,20526,application/vnd.openxmlformats-officedocument.wordprocessingml.document,downloaded
listado-de-postulantes-al-proceso-de-admisi%C3%B3n-2026-i-universidad-nacional-del-centro-del,https://www.datosabiertos.gob.pe/dataset/listado-de-postulantes-al-proceso-de-admisi%C3%B3n-2026-i-universidad-nacional-del-centro-del,Este conjunto de datos recopila información acerca de los postulantes en el proceso de admisión 2026-I de la Universidad Nacional del Centro del Perú Las modalidades de postulación son: Normal Ordinario Participante Libre Ordinario Afectados Por La Violencia Social Comunidades Indígenas Deportista Destacado Discapacidad Hijo De Comuneros Primeros Puestos Segunda Carrera Traslado Externo Traslado Interno Este DATASET esta caracterizado por: FECHA_CORTE UUID ESCUELA DEPARTAMENTO PROVINCIA DISTRITO TIPO_ADIMISION PERIODO_APLICANDO FECHA_NACIMIENTO EDAD SEXO,https://www.datosabiertos.gob.pe/sites/default/files/POSTULANTES-2026-1_0.csv,https://www.datosabiertos.gob.pe/sites/default/files/POSTULANTES-2026-1_0.csv,Descargar  ,file_link,data/datasets/06-listado-de-postulantes-al-proceso-de-admisi-c3-b3n-2026-i-universidad-nacional-del-centro/01-descargar.csv,2572733,application/octet-stream,downloaded
listado-de-postulantes-al-proceso-de-admisi%C3%B3n-2026-i-universidad-nacional-del-centro-del,https://www.datosabiertos.gob.pe/dataset/listado-de-postulantes-al-proceso-de-admisi%C3%B3n-2026-i-universidad-nacional-del-centro-del,Este conjunto de datos recopila información acerca de los postulantes en el proceso de admisión 2026-I de la Universidad Nacional del Centro del Perú Las modalidades de postulación son: Normal Ordinario Participante Libre Ordinario Afectados Por La Violencia Social Comunidades Indígenas Deportista Destacado Discapacidad Hijo De Comuneros Primeros Puestos Segunda Carrera Traslado Externo Traslado Interno Este DATASET esta caracterizado por: FECHA_CORTE UUID ESCUELA DEPARTAMENTO PROVINCIA DISTRITO TIPO_ADIMISION PERIODO_APLICANDO FECHA_NACIMIENTO EDAD SEXO,https://www.datosabiertos.gob.pe/sites/default/files/DICCIONARIO%20DE%20DATOS%20POSTULANTES_2026_I.xlsx,https://www.datosabiertos.gob.pe/sites/default/files/DICCIONARIO%20DE%20DATOS%20POSTULANTES_2026_I.xlsx,Descargar  ,file_link,data/datasets/06-listado-de-postulantes-al-proceso-de-admisi-c3-b3n-2026-i-universidad-nacional-del-centro/02-descargar.xlsx,11748,application/vnd.openxmlformats-officedocument.spreadsheetml.sheet,downloaded
listado-de-postulantes-al-proceso-de-admisi%C3%B3n-2026-i-universidad-nacional-del-centro-del,https://www.datosabiertos.gob.pe/dataset/listado-de-postulantes-al-proceso-de-admisi%C3%B3n-2026-i-universidad-nacional-del-centro-del,Este conjunto de datos recopila información acerca de los postulantes en el proceso de admisión 2026-I de la Universidad Nacional del Centro del Perú Las modalidades de postulación son: Normal Ordinario Participante Libre Ordinario Afectados Por La Violencia Social Comunidades Indígenas Deportista Destacado Discapacidad Hijo De Comuneros Primeros Puestos Segunda Carrera Traslado Externo Traslado Interno Este DATASET esta caracterizado por: FECHA_CORTE UUID ESCUELA DEPARTAMENTO PROVINCIA DISTRITO TIPO_ADIMISION PERIODO_APLICANDO FECHA_NACIMIENTO EDAD SEXO,https://www.datosabiertos.gob.pe/sites/default/files/METADATOS_POSTULANTES%202026-1.docx,https://www.datosabiertos.gob.pe/sites/default/files/METADATOS_POSTULANTES%202026-1.docx,Descargar  ,file_link,data/datasets/06-listado-de-postulantes-al-proceso-de-admisi-c3-b3n-2026-i-universidad-nacional-del-centro/03-descargar.docx,21028,application/vnd.openxmlformats-officedocument.wordprocessingml.document,downloaded
listado-de-postulantes-al-proceso-de-admisi%C3%B3n-2025-ii-universidad-nacional-del-centro-del,https://www.datosabiertos.gob.pe/dataset/listado-de-postulantes-al-proceso-de-admisi%C3%B3n-2025-ii-universidad-nacional-del-centro-del,Este conjunto de datos recopila información acerca de los postulantes en el proceso de admisión 2025-II de la Universidad Nacional del Centro del Perú Las modalidades de postulación son: Normal Ordinario Participante Libre Ordinario Afectados Por La Violencia Social Comunidades Indígenas Deportista Destacado Discapacidad Hijo De Comuneros Primeros Puestos Segunda Carrera Traslado Externo Traslado Interno Este DATASET esta caracterizado por: FECHA_CORTE UUID ESCUELA DEPARTAMENTO PROVINCIA DISTRITO TIPO_ADIMISION PERIODO_APLICANDO FECHA_NACIMIENTO EDAD SEXO,https://www.datosabiertos.gob.pe/sites/default/files/POSTULANTES-2025-2.csv,https://www.datosabiertos.gob.pe/sites/default/files/POSTULANTES-2025-2.csv,Descargar  ,file_link,data/datasets/07-listado-de-postulantes-al-proceso-de-admisi-c3-b3n-2025-ii-universidad-nacional-del-centro/01-descargar.csv,855525,application/octet-stream,downloaded
listado-de-postulantes-al-proceso-de-admisi%C3%B3n-2025-ii-universidad-nacional-del-centro-del,https://www.datosabiertos.gob.pe/dataset/listado-de-postulantes-al-proceso-de-admisi%C3%B3n-2025-ii-universidad-nacional-del-centro-del,Este conjunto de datos recopila información acerca de los postulantes en el proceso de admisión 2025-II de la Universidad Nacional del Centro del Perú Las modalidades de postulación son: Normal Ordinario Participante Libre Ordinario Afectados Por La Violencia Social Comunidades Indígenas Deportista Destacado Discapacidad Hijo De Comuneros Primeros Puestos Segunda Carrera Traslado Externo Traslado Interno Este DATASET esta caracterizado por: FECHA_CORTE UUID ESCUELA DEPARTAMENTO PROVINCIA DISTRITO TIPO_ADIMISION PERIODO_APLICANDO FECHA_NACIMIENTO EDAD SEXO,https://www.datosabiertos.gob.pe/sites/default/files/DICCIONARIO%20DE%20DATOS%20POSTULANTES_2025_II.xlsx,https://www.datosabiertos.gob.pe/sites/default/files/DICCIONARIO%20DE%20DATOS%20POSTULANTES_2025_II.xlsx,Descargar  ,file_link,data/datasets/07-listado-de-postulantes-al-proceso-de-admisi-c3-b3n-2025-ii-universidad-nacional-del-centro/02-descargar.xlsx,11746,application/vnd.openxmlformats-officedocument.spreadsheetml.sheet,downloaded
listado-de-postulantes-al-proceso-de-admisi%C3%B3n-2025-ii-universidad-nacional-del-centro-del,https://www.datosabiertos.gob.pe/dataset/listado-de-postulantes-al-proceso-de-admisi%C3%B3n-2025-ii-universidad-nacional-del-centro-del,Este conjunto de datos recopila información acerca de los postulantes en el proceso de admisión 2025-II de la Universidad Nacional del Centro del Perú Las modalidades de postulación son: Normal Ordinario Participante Libre Ordinario Afectados Por La Violencia Social Comunidades Indígenas Deportista Destacado Discapacidad Hijo De Comuneros Primeros Puestos Segunda Carrera Traslado Externo Traslado Interno Este DATASET esta caracterizado por: FECHA_CORTE UUID ESCUELA DEPARTAMENTO PROVINCIA DISTRITO TIPO_ADIMISION PERIODO_APLICANDO FECHA_NACIMIENTO EDAD SEXO,https://www.datosabiertos.gob.pe/sites/default/files/METADATOS_POSTULANTES%202025-2.docx,https://www.datosabiertos.gob.pe/sites/default/files/METADATOS_POSTULANTES%202025-2.docx,Descargar  ,file_link,data/datasets/07-listado-de-postulantes-al-proceso-de-admisi-c3-b3n-2025-ii-universidad-nacional-del-centro/03-descargar.docx,21113,application/vnd.openxmlformats-officedocument.wordprocessingml.document,downloaded
listado-de-postulantes-al-proceso-de-admisi%C3%B3n-2025-i-universidad-nacional-del-centro-del,https://www.datosabiertos.gob.pe/dataset/listado-de-postulantes-al-proceso-de-admisi%C3%B3n-2025-i-universidad-nacional-del-centro-del,Este conjunto de datos recopila información acerca de los postulantes en el proceso de admisión 2025-I de la Universidad Nacional del Centro del Perú Las modalidades de postulación son: Normal Ordinario Participante Libre Ordinario Afectados Por La Violencia Social Comunidades Indígenas Deportista Destacado Discapacidad Hijo De Comuneros Primeros Puestos Segunda Carrera Traslado Externo Traslado Interno Este DATASET esta caracterizado por: FECHA_CORTE UUID ESCUELA DEPARTAMENTO PROVINCIA DISTRITO TIPO_ADIMISION PERIODO_APLICANDO FECHA_NACIMIENTO EDAD SEXO,https://www.datosabiertos.gob.pe/sites/default/files/POSTULANTES-2025-1_0.csv,https://www.datosabiertos.gob.pe/sites/default/files/POSTULANTES-2025-1_0.csv,Descargar  ,file_link,data/datasets/08-listado-de-postulantes-al-proceso-de-admisi-c3-b3n-2025-i-universidad-nacional-del-centro/01-descargar.csv,2383798,application/octet-stream,downloaded
listado-de-postulantes-al-proceso-de-admisi%C3%B3n-2025-i-universidad-nacional-del-centro-del,https://www.datosabiertos.gob.pe/dataset/listado-de-postulantes-al-proceso-de-admisi%C3%B3n-2025-i-universidad-nacional-del-centro-del,Este conjunto de datos recopila información acerca de los postulantes en el proceso de admisión 2025-I de la Universidad Nacional del Centro del Perú Las modalidades de postulación son: Normal Ordinario Participante Libre Ordinario Afectados Por La Violencia Social Comunidades Indígenas Deportista Destacado Discapacidad Hijo De Comuneros Primeros Puestos Segunda Carrera Traslado Externo Traslado Interno Este DATASET esta caracterizado por: FECHA_CORTE UUID ESCUELA DEPARTAMENTO PROVINCIA DISTRITO TIPO_ADIMISION PERIODO_APLICANDO FECHA_NACIMIENTO EDAD SEXO,https://www.datosabiertos.gob.pe/sites/default/files/DICCIONARIO%20DE%20DATOS%20POSTULANTES_2025_I.xlsx,https://www.datosabiertos.gob.pe/sites/default/files/DICCIONARIO%20DE%20DATOS%20POSTULANTES_2025_I.xlsx,Descargar  ,file_link,data/datasets/08-listado-de-postulantes-al-proceso-de-admisi-c3-b3n-2025-i-universidad-nacional-del-centro/02-descargar.xlsx,11746,application/vnd.openxmlformats-officedocument.spreadsheetml.sheet,downloaded
listado-de-postulantes-al-proceso-de-admisi%C3%B3n-2025-i-universidad-nacional-del-centro-del,https://www.datosabiertos.gob.pe/dataset/listado-de-postulantes-al-proceso-de-admisi%C3%B3n-2025-i-universidad-nacional-del-centro-del,Este conjunto de datos recopila información acerca de los postulantes en el proceso de admisión 2025-I de la Universidad Nacional del Centro del Perú Las modalidades de postulación son: Normal Ordinario Participante Libre Ordinario Afectados Por La Violencia Social Comunidades Indígenas Deportista Destacado Discapacidad Hijo De Comuneros Primeros Puestos Segunda Carrera Traslado Externo Traslado Interno Este DATASET esta caracterizado por: FECHA_CORTE UUID ESCUELA DEPARTAMENTO PROVINCIA DISTRITO TIPO_ADIMISION PERIODO_APLICANDO FECHA_NACIMIENTO EDAD SEXO,https://www.datosabiertos.gob.pe/sites/default/files/METADATOS_POSTULANTES%202025-1.docx,https://www.datosabiertos.gob.pe/sites/default/files/METADATOS_POSTULANTES%202025-1.docx,Descargar  ,file_link,data/datasets/08-listado-de-postulantes-al-proceso-de-admisi-c3-b3n-2025-i-universidad-nacional-del-centro/03-descargar.docx,21102,application/vnd.openxmlformats-officedocument.wordprocessingml.document,downloaded
listado-de-postulantes-al-periodo-academico-2024-ii-universidad-nacional-del-centro-del-per%C3%BA,https://www.datosabiertos.gob.pe/dataset/listado-de-postulantes-al-periodo-academico-2024-ii-universidad-nacional-del-centro-del-per%C3%BA,Este conjunto de datos recopila información acerca de los postulantes en el periodo académico 2024-II de la Universidad Nacional del Centro del Perú Las modalidades de postulación son: Normal Ordinario Participante Libre Ordinario Afectados Por La Violencia Social Comunidades Indígenas Deportista Destacado Discapacidad Hijo De Comuneros Primeros Puestos Segunda Carrera Traslado Externo Traslado Interno Este DATASET esta caracterizado por: FECHA_CORTE UUID ESCUELA DEPARTAMENTO PROVINCIA DISTRITO TIPO_ADIMISION PERIODO_APLICANDO FECHA_NACIMIENTO EDAD SEXO,https://www.datosabiertos.gob.pe/sites/default/files/POSTULANTES-2024-2_0.csv,https://www.datosabiertos.gob.pe/sites/default/files/POSTULANTES-2024-2_0.csv,Descargar  ,file_link,data/datasets/09-listado-de-postulantes-al-periodo-academico-2024-ii-universidad-nacional-del-centro-del-pe/01-descargar.csv,877125,application/octet-stream,downloaded
listado-de-postulantes-al-periodo-academico-2024-ii-universidad-nacional-del-centro-del-per%C3%BA,https://www.datosabiertos.gob.pe/dataset/listado-de-postulantes-al-periodo-academico-2024-ii-universidad-nacional-del-centro-del-per%C3%BA,Este conjunto de datos recopila información acerca de los postulantes en el periodo académico 2024-II de la Universidad Nacional del Centro del Perú Las modalidades de postulación son: Normal Ordinario Participante Libre Ordinario Afectados Por La Violencia Social Comunidades Indígenas Deportista Destacado Discapacidad Hijo De Comuneros Primeros Puestos Segunda Carrera Traslado Externo Traslado Interno Este DATASET esta caracterizado por: FECHA_CORTE UUID ESCUELA DEPARTAMENTO PROVINCIA DISTRITO TIPO_ADIMISION PERIODO_APLICANDO FECHA_NACIMIENTO EDAD SEXO,https://www.datosabiertos.gob.pe/sites/default/files/DICCIONARIO%20DE%20DATOS%20POSTULANTES_2024_II.xlsx,https://www.datosabiertos.gob.pe/sites/default/files/DICCIONARIO%20DE%20DATOS%20POSTULANTES_2024_II.xlsx,Descargar  ,file_link,data/datasets/09-listado-de-postulantes-al-periodo-academico-2024-ii-universidad-nacional-del-centro-del-pe/02-descargar.xlsx,11748,application/vnd.openxmlformats-officedocument.spreadsheetml.sheet,downloaded
listado-de-postulantes-al-periodo-academico-2024-ii-universidad-nacional-del-centro-del-per%C3%BA,https://www.datosabiertos.gob.pe/dataset/listado-de-postulantes-al-periodo-academico-2024-ii-universidad-nacional-del-centro-del-per%C3%BA,Este conjunto de datos recopila información acerca de los postulantes en el periodo académico 2024-II de la Universidad Nacional del Centro del Perú Las modalidades de postulación son: Normal Ordinario Participante Libre Ordinario Afectados Por La Violencia Social Comunidades Indígenas Deportista Destacado Discapacidad Hijo De Comuneros Primeros Puestos Segunda Carrera Traslado Externo Traslado Interno Este DATASET esta caracterizado por: FECHA_CORTE UUID ESCUELA DEPARTAMENTO PROVINCIA DISTRITO TIPO_ADIMISION PERIODO_APLICANDO FECHA_NACIMIENTO EDAD SEXO,https://www.datosabiertos.gob.pe/sites/default/files/METADATOS_POSTULANTES%202024-2.docx,https://www.datosabiertos.gob.pe/sites/default/files/METADATOS_POSTULANTES%202024-2.docx,Descargar  ,file_link,data/datasets/09-listado-de-postulantes-al-periodo-academico-2024-ii-universidad-nacional-del-centro-del-pe/03-descargar.docx,21025,application/vnd.openxmlformats-officedocument.wordprocessingml.document,downloaded
listado-de-ingresantes-al-periodo-academico-2025-i-universidad-nacional-del-centro-del-per%C3%BA,https://www.datosabiertos.gob.pe/dataset/listado-de-ingresantes-al-periodo-academico-2025-i-universidad-nacional-del-centro-del-per%C3%BA,Este conjunto de datos recopila información acerca de los ingresantes al periodo académico 2025-I de la Universidad Nacional del Centro del Perú Las modalidades de postulación son: Normal Ordinario Participante Libre Ordinario Afectados Por La Violencia Social Comunidades Indígenas Deportista Destacado Discapacidad Hijo De Comuneros Primeros Puestos Segunda Carrera Traslado Externo Traslado Interno Este DATASET esta caracterizado por: FECHA_CORTE UUID PERIODO_INGRESANTE DEPARTAMENTO PROVINCIA DISTRITO TIPO_ADMISION ESCUELA SEXO EDAD FECHA_NACIMIENTO,https://www.datosabiertos.gob.pe/sites/default/files/INGRESANTES-2025-1.csv,https://www.datosabiertos.gob.pe/sites/default/files/INGRESANTES-2025-1.csv,Descargar  ,file_link,data/datasets/10-listado-de-ingresantes-al-periodo-academico-2025-i-universidad-nacional-del-centro-del-per/01-descargar.csv,207731,application/octet-stream,downloaded
listado-de-ingresantes-al-periodo-academico-2025-i-universidad-nacional-del-centro-del-per%C3%BA,https://www.datosabiertos.gob.pe/dataset/listado-de-ingresantes-al-periodo-academico-2025-i-universidad-nacional-del-centro-del-per%C3%BA,Este conjunto de datos recopila información acerca de los ingresantes al periodo académico 2025-I de la Universidad Nacional del Centro del Perú Las modalidades de postulación son: Normal Ordinario Participante Libre Ordinario Afectados Por La Violencia Social Comunidades Indígenas Deportista Destacado Discapacidad Hijo De Comuneros Primeros Puestos Segunda Carrera Traslado Externo Traslado Interno Este DATASET esta caracterizado por: FECHA_CORTE UUID PERIODO_INGRESANTE DEPARTAMENTO PROVINCIA DISTRITO TIPO_ADMISION ESCUELA SEXO EDAD FECHA_NACIMIENTO,https://www.datosabiertos.gob.pe/sites/default/files/DICCIONARIO%20DE%20DATOS%20INGRESANTES%202025-1.xlsx,https://www.datosabiertos.gob.pe/sites/default/files/DICCIONARIO%20DE%20DATOS%20INGRESANTES%202025-1.xlsx,Descargar  ,file_link,data/datasets/10-listado-de-ingresantes-al-periodo-academico-2025-i-universidad-nacional-del-centro-del-per/02-descargar.xlsx,11439,application/vnd.openxmlformats-officedocument.spreadsheetml.sheet,downloaded
listado-de-ingresantes-al-periodo-academico-2025-i-universidad-nacional-del-centro-del-per%C3%BA,https://www.datosabiertos.gob.pe/dataset/listado-de-ingresantes-al-periodo-academico-2025-i-universidad-nacional-del-centro-del-per%C3%BA,Este conjunto de datos recopila información acerca de los ingresantes al periodo académico 2025-I de la Universidad Nacional del Centro del Perú Las modalidades de postulación son: Normal Ordinario Participante Libre Ordinario Afectados Por La Violencia Social Comunidades Indígenas Deportista Destacado Discapacidad Hijo De Comuneros Primeros Puestos Segunda Carrera Traslado Externo Traslado Interno Este DATASET esta caracterizado por: FECHA_CORTE UUID PERIODO_INGRESANTE DEPARTAMENTO PROVINCIA DISTRITO TIPO_ADMISION ESCUELA SEXO EDAD FECHA_NACIMIENTO,https://www.datosabiertos.gob.pe/sites/default/files/METADATOS%20INGRESANTES%202025-1.docx,https://www.datosabiertos.gob.pe/sites/default/files/METADATOS%20INGRESANTES%202025-1.docx,Descargar  ,file_link,data/datasets/10-listado-de-ingresantes-al-periodo-academico-2025-i-universidad-nacional-del-centro-del-per/03-descargar.docx,21034,application/vnd.openxmlformats-officedocument.wordprocessingml.document,downloaded
listado-de-ingresantes-al-periodo-academico-2024-ii-universidad-nacional-del-centro-del-per%C3%BA,https://www.datosabiertos.gob.pe/dataset/listado-de-ingresantes-al-periodo-academico-2024-ii-universidad-nacional-del-centro-del-per%C3%BA,Este conjunto de datos recopila información acerca de los ingresantes durante el periodo académico 2024-II de la Universidad Nacional del Centro del Perú Las modalidades de postulación son: Normal Ordinario Participante Libre Ordinario Afectados Por La Violencia Social Comunidades Indígenas Deportista Destacado Discapacidad Hijo De Comuneros Primeros Puestos Segunda Carrera Traslado Externo Traslado Interno Este DATASET esta caracterizado por: FECHA_CORTE UUID PERIODO_INGRESANTE DEPARTAMENTO PROVINCIA DISTRITO TIPO_ADMISION ESCUELA SEXO EDAD FECHA_NACIMIENTO,https://www.datosabiertos.gob.pe/sites/default/files/INGRESANTES-2024-2.csv,https://www.datosabiertos.gob.pe/sites/default/files/INGRESANTES-2024-2.csv,Descargar  ,file_link,data/datasets/11-listado-de-ingresantes-al-periodo-academico-2024-ii-universidad-nacional-del-centro-del-pe/01-descargar.csv,163714,application/octet-stream,downloaded
listado-de-ingresantes-al-periodo-academico-2024-ii-universidad-nacional-del-centro-del-per%C3%BA,https://www.datosabiertos.gob.pe/dataset/listado-de-ingresantes-al-periodo-academico-2024-ii-universidad-nacional-del-centro-del-per%C3%BA,Este conjunto de datos recopila información acerca de los ingresantes durante el periodo académico 2024-II de la Universidad Nacional del Centro del Perú Las modalidades de postulación son: Normal Ordinario Participante Libre Ordinario Afectados Por La Violencia Social Comunidades Indígenas Deportista Destacado Discapacidad Hijo De Comuneros Primeros Puestos Segunda Carrera Traslado Externo Traslado Interno Este DATASET esta caracterizado por: FECHA_CORTE UUID PERIODO_INGRESANTE DEPARTAMENTO PROVINCIA DISTRITO TIPO_ADMISION ESCUELA SEXO EDAD FECHA_NACIMIENTO,https://www.datosabiertos.gob.pe/sites/default/files/DICCIONARIO%20DE%20DATOS%20INGRESANTES%202024-2.xlsx,https://www.datosabiertos.gob.pe/sites/default/files/DICCIONARIO%20DE%20DATOS%20INGRESANTES%202024-2.xlsx,Descargar  ,file_link,data/datasets/11-listado-de-ingresantes-al-periodo-academico-2024-ii-universidad-nacional-del-centro-del-pe/02-descargar.xlsx,11440,application/vnd.openxmlformats-officedocument.spreadsheetml.sheet,downloaded
listado-de-ingresantes-al-periodo-academico-2024-ii-universidad-nacional-del-centro-del-per%C3%BA,https://www.datosabiertos.gob.pe/dataset/listado-de-ingresantes-al-periodo-academico-2024-ii-universidad-nacional-del-centro-del-per%C3%BA,Este conjunto de datos recopila información acerca de los ingresantes durante el periodo académico 2024-II de la Universidad Nacional del Centro del Perú Las modalidades de postulación son: Normal Ordinario Participante Libre Ordinario Afectados Por La Violencia Social Comunidades Indígenas Deportista Destacado Discapacidad Hijo De Comuneros Primeros Puestos Segunda Carrera Traslado Externo Traslado Interno Este DATASET esta caracterizado por: FECHA_CORTE UUID PERIODO_INGRESANTE DEPARTAMENTO PROVINCIA DISTRITO TIPO_ADMISION ESCUELA SEXO EDAD FECHA_NACIMIENTO,https://www.datosabiertos.gob.pe/sites/default/files/METADATOS%20INGRESANTES%202024-2.docx,https://www.datosabiertos.gob.pe/sites/default/files/METADATOS%20INGRESANTES%202024-2.docx,Descargar  ,file_link,data/datasets/11-listado-de-ingresantes-al-periodo-academico-2024-ii-universidad-nacional-del-centro-del-pe/03-descargar.docx,20940,application/vnd.openxmlformats-officedocument.wordprocessingml.document,downloaded
listado-de-estudiantes-que-egresaron-en-el-periodo-2025-ii-universidad-nacional-del-centro,https://www.datosabiertos.gob.pe/dataset/listado-de-estudiantes-que-egresaron-en-el-periodo-2025-ii-universidad-nacional-del-centro,Este conjunto de datos recopila información acerca de los estudiantes egresados durante el periodo académico 2025-II de la Universidad Nacional del Centro del Perú Este DATASET esta caracterizado por: FECHA_CORTE UUID PERIODO_SALIENTE PERIODO_INGRESANTE DEPARTAMENTO PROVINCIA DISTRITO TIPO_ADMISION ESCUELA SEXO EDAD FECHA_NACIMIENTO,https://www.datosabiertos.gob.pe/sites/default/files/LISTADO%20DE%20EGRESADOS-2025-2%20-%20UNCP.csv,https://www.datosabiertos.gob.pe/sites/default/files/LISTADO%20DE%20EGRESADOS-2025-2%20-%20UNCP.csv,Descargar  ,file_link,data/datasets/12-listado-de-estudiantes-que-egresaron-en-el-periodo-2025-ii-universidad-nacional-del-centro/01-descargar.csv,163439,application/octet-stream,downloaded
listado-de-estudiantes-que-egresaron-en-el-periodo-2025-ii-universidad-nacional-del-centro,https://www.datosabiertos.gob.pe/dataset/listado-de-estudiantes-que-egresaron-en-el-periodo-2025-ii-universidad-nacional-del-centro,Este conjunto de datos recopila información acerca de los estudiantes egresados durante el periodo académico 2025-II de la Universidad Nacional del Centro del Perú Este DATASET esta caracterizado por: FECHA_CORTE UUID PERIODO_SALIENTE PERIODO_INGRESANTE DEPARTAMENTO PROVINCIA DISTRITO TIPO_ADMISION ESCUELA SEXO EDAD FECHA_NACIMIENTO,https://www.datosabiertos.gob.pe/sites/default/files/DICCIONARIO%20DE%20DATOS%20EGRESADOS_2025_II.xlsx,https://www.datosabiertos.gob.pe/sites/default/files/DICCIONARIO%20DE%20DATOS%20EGRESADOS_2025_II.xlsx,Descargar  ,file_link,data/datasets/12-listado-de-estudiantes-que-egresaron-en-el-periodo-2025-ii-universidad-nacional-del-centro/02-descargar.xlsx,11554,application/vnd.openxmlformats-officedocument.spreadsheetml.sheet,downloaded
listado-de-estudiantes-que-egresaron-en-el-periodo-2025-ii-universidad-nacional-del-centro,https://www.datosabiertos.gob.pe/dataset/listado-de-estudiantes-que-egresaron-en-el-periodo-2025-ii-universidad-nacional-del-centro,Este conjunto de datos recopila información acerca de los estudiantes egresados durante el periodo académico 2025-II de la Universidad Nacional del Centro del Perú Este DATASET esta caracterizado por: FECHA_CORTE UUID PERIODO_SALIENTE PERIODO_INGRESANTE DEPARTAMENTO PROVINCIA DISTRITO TIPO_ADMISION ESCUELA SEXO EDAD FECHA_NACIMIENTO,https://www.datosabiertos.gob.pe/sites/default/files/METADATOS_egresados%202025-2.docx,https://www.datosabiertos.gob.pe/sites/default/files/METADATOS_egresados%202025-2.docx,Descargar  ,file_link,data/datasets/12-listado-de-estudiantes-que-egresaron-en-el-periodo-2025-ii-universidad-nacional-del-centro/03-descargar.docx,20371,application/vnd.openxmlformats-officedocument.wordprocessingml.document,downloaded
listado-de-estudiantes-que-egresaron-en-el-periodo-2024-ii-universidad-nacional-del-centro,https://www.datosabiertos.gob.pe/dataset/listado-de-estudiantes-que-egresaron-en-el-periodo-2024-ii-universidad-nacional-del-centro,Este conjunto de datos recopila información acerca de los estudiantes egresados durante el periodo académico 2024-II de la Universidad Nacional del Centro del Perú Este DATASET esta caracterizado por: FECHA_CORTE UUID PERIODO_SALIENTE PERIODO_INGRESANTE DEPARTAMENTO PROVINCIA DISTRITO TIPO_ADMISION ESCUELA SEXO EDAD FECHA_NACIMIENTO,https://www.datosabiertos.gob.pe/sites/default/files/LISTADO%20DE%20EGRESADOS-2024-2%20-%20UNCP.csv,https://www.datosabiertos.gob.pe/sites/default/files/LISTADO%20DE%20EGRESADOS-2024-2%20-%20UNCP.csv,Descargar  ,file_link,data/datasets/13-listado-de-estudiantes-que-egresaron-en-el-periodo-2024-ii-universidad-nacional-del-centro/01-descargar.csv,35805,application/octet-stream,downloaded
listado-de-estudiantes-que-egresaron-en-el-periodo-2024-ii-universidad-nacional-del-centro,https://www.datosabiertos.gob.pe/dataset/listado-de-estudiantes-que-egresaron-en-el-periodo-2024-ii-universidad-nacional-del-centro,Este conjunto de datos recopila información acerca de los estudiantes egresados durante el periodo académico 2024-II de la Universidad Nacional del Centro del Perú Este DATASET esta caracterizado por: FECHA_CORTE UUID PERIODO_SALIENTE PERIODO_INGRESANTE DEPARTAMENTO PROVINCIA DISTRITO TIPO_ADMISION ESCUELA SEXO EDAD FECHA_NACIMIENTO,https://www.datosabiertos.gob.pe/sites/default/files/DICCIONARIO%20DE%20DATOS%20-%20%20EGRESADOS_2024_II_UNCP.xlsx,https://www.datosabiertos.gob.pe/sites/default/files/DICCIONARIO%20DE%20DATOS%20-%20%20EGRESADOS_2024_II_UNCP.xlsx,Descargar  ,file_link,data/datasets/13-listado-de-estudiantes-que-egresaron-en-el-periodo-2024-ii-universidad-nacional-del-centro/02-descargar.xlsx,11554,application/vnd.openxmlformats-officedocument.spreadsheetml.sheet,downloaded
listado-de-estudiantes-que-egresaron-en-el-periodo-2024-ii-universidad-nacional-del-centro,https://www.datosabiertos.gob.pe/dataset/listado-de-estudiantes-que-egresaron-en-el-periodo-2024-ii-universidad-nacional-del-centro,Este conjunto de datos recopila información acerca de los estudiantes egresados durante el periodo académico 2024-II de la Universidad Nacional del Centro del Perú Este DATASET esta caracterizado por: FECHA_CORTE UUID PERIODO_SALIENTE PERIODO_INGRESANTE DEPARTAMENTO PROVINCIA DISTRITO TIPO_ADMISION ESCUELA SEXO EDAD FECHA_NACIMIENTO,https://www.datosabiertos.gob.pe/sites/default/files/METADATOS_egresados%202024-2.docx,https://www.datosabiertos.gob.pe/sites/default/files/METADATOS_egresados%202024-2.docx,Descargar  ,file_link,data/datasets/13-listado-de-estudiantes-que-egresaron-en-el-periodo-2024-ii-universidad-nacional-del-centro/03-descargar.docx,20553,application/vnd.openxmlformats-officedocument.wordprocessingml.document,downloaded
listado-de-estudiantes-que-egresaron-en-el-periodo-2025-i-universidad-nacional-del-centro,https://www.datosabiertos.gob.pe/dataset/listado-de-estudiantes-que-egresaron-en-el-periodo-2025-i-universidad-nacional-del-centro,Este conjunto de datos recopila información acerca de los estudiantes egresados durante el periodo académico 2025-I de la Universidad Nacional del Centro del Perú Este DATASET esta caracterizado por: FECHA_CORTE UUID PERIODO_SALIENTE PERIODO_INGRESANTE DEPARTAMENTO PROVINCIA DISTRITO TIPO_ADMISION ESCUELA SEXO EDAD FECHA_NACIMIENTO,https://www.datosabiertos.gob.pe/sites/default/files/EGRESADOS-2025-1.csv,https://www.datosabiertos.gob.pe/sites/default/files/EGRESADOS-2025-1.csv,Descargar  ,file_link,data/datasets/14-listado-de-estudiantes-que-egresaron-en-el-periodo-2025-i-universidad-nacional-del-centro/01-descargar.csv,23083,application/octet-stream,downloaded
listado-de-estudiantes-que-egresaron-en-el-periodo-2025-i-universidad-nacional-del-centro,https://www.datosabiertos.gob.pe/dataset/listado-de-estudiantes-que-egresaron-en-el-periodo-2025-i-universidad-nacional-del-centro,Este conjunto de datos recopila información acerca de los estudiantes egresados durante el periodo académico 2025-I de la Universidad Nacional del Centro del Perú Este DATASET esta caracterizado por: FECHA_CORTE UUID PERIODO_SALIENTE PERIODO_INGRESANTE DEPARTAMENTO PROVINCIA DISTRITO TIPO_ADMISION ESCUELA SEXO EDAD FECHA_NACIMIENTO,https://www.datosabiertos.gob.pe/sites/default/files/DICCIONARIO%20DE%20DATOS%20EGRESADOS_2025_I.xlsx,https://www.datosabiertos.gob.pe/sites/default/files/DICCIONARIO%20DE%20DATOS%20EGRESADOS_2025_I.xlsx,Descargar  ,file_link,data/datasets/14-listado-de-estudiantes-que-egresaron-en-el-periodo-2025-i-universidad-nacional-del-centro/02-descargar.xlsx,11552,application/vnd.openxmlformats-officedocument.spreadsheetml.sheet,downloaded
listado-de-estudiantes-que-egresaron-en-el-periodo-2025-i-universidad-nacional-del-centro,https://www.datosabiertos.gob.pe/dataset/listado-de-estudiantes-que-egresaron-en-el-periodo-2025-i-universidad-nacional-del-centro,Este conjunto de datos recopila información acerca de los estudiantes egresados durante el periodo académico 2025-I de la Universidad Nacional del Centro del Perú Este DATASET esta caracterizado por: FECHA_CORTE UUID PERIODO_SALIENTE PERIODO_INGRESANTE DEPARTAMENTO PROVINCIA DISTRITO TIPO_ADMISION ESCUELA SEXO EDAD FECHA_NACIMIENTO,https://www.datosabiertos.gob.pe/sites/default/files/METADATOS_egresados%202025-1.docx,https://www.datosabiertos.gob.pe/sites/default/files/METADATOS_egresados%202025-1.docx,Descargar  ,file_link,data/datasets/14-listado-de-estudiantes-que-egresaron-en-el-periodo-2025-i-universidad-nacional-del-centro/03-descargar.docx,20235,application/vnd.openxmlformats-officedocument.wordprocessingml.document,downloaded
listado-de-alumnos-beneficiarios-del-comedor-universitario-de-la-universidad-nacional-del,https://www.datosabiertos.gob.pe/dataset/listado-de-alumnos-beneficiarios-del-comedor-universitario-de-la-universidad-nacional-del,,https://www.datosabiertos.gob.pe/sites/default/files/COMENSALES%202024-I.csv,https://www.datosabiertos.gob.pe/sites/default/files/COMENSALES%202024-I.csv,Descargar  ,file_link,data/datasets/15-listado-de-alumnos-beneficiarios-del-comedor-universitario-de-la-universidad-nacional-del/01-descargar.csv,199901,application/octet-stream,downloaded
listado-de-alumnos-beneficiarios-del-comedor-universitario-de-la-universidad-nacional-del,https://www.datosabiertos.gob.pe/dataset/listado-de-alumnos-beneficiarios-del-comedor-universitario-de-la-universidad-nacional-del,,https://www.datosabiertos.gob.pe/sites/default/files/Formato_DiccionarioDatos_comedor_0.xlsx,https://www.datosabiertos.gob.pe/sites/default/files/Formato_DiccionarioDatos_comedor_0.xlsx,Descargar  ,file_link,data/datasets/15-listado-de-alumnos-beneficiarios-del-comedor-universitario-de-la-universidad-nacional-del/02-descargar.xlsx,11648,application/vnd.openxmlformats-officedocument.spreadsheetml.sheet,downloaded
listado-de-alumnos-beneficiarios-del-comedor-universitario-de-la-universidad-nacional-del,https://www.datosabiertos.gob.pe/dataset/listado-de-alumnos-beneficiarios-del-comedor-universitario-de-la-universidad-nacional-del,,https://www.datosabiertos.gob.pe/sites/default/files/Formato_Metadatos_comedor_1.docx,https://www.datosabiertos.gob.pe/sites/default/files/Formato_Metadatos_comedor_1.docx,Descargar  ,file_link,data/datasets/15-listado-de-alumnos-beneficiarios-del-comedor-universitario-de-la-universidad-nacional-del/03-descargar.docx,19118,application/vnd.openxmlformats-officedocument.wordprocessingml.document,downloaded
listado-de-inscritos-en-cepre-de-la-universidad-nacional-del-centro-del-peru-uncp,https://www.datosabiertos.gob.pe/dataset/listado-de-inscritos-en-cepre-de-la-universidad-nacional-del-centro-del-peru-uncp,,https://www.datosabiertos.gob.pe/sites/default/files/INCRITOS%20EN%20CERPRE%20UNCP%202024-II.csv,https://www.datosabiertos.gob.pe/sites/default/files/INCRITOS%20EN%20CERPRE%20UNCP%202024-II.csv,Descargar  ,file_link,data/datasets/16-listado-de-inscritos-en-cepre-de-la-universidad-nacional-del-centro-del-peru-uncp/01-descargar.csv,320825,application/octet-stream,downloaded
listado-de-inscritos-en-cepre-de-la-universidad-nacional-del-centro-del-peru-uncp,https://www.datosabiertos.gob.pe/dataset/listado-de-inscritos-en-cepre-de-la-universidad-nacional-del-centro-del-peru-uncp,,https://www.datosabiertos.gob.pe/sites/default/files/DICCIONARIO%20DE%20DATOS%20CEPRE%202024-II.xlsx,https://www.datosabiertos.gob.pe/sites/default/files/DICCIONARIO%20DE%20DATOS%20CEPRE%202024-II.xlsx,Descargar  ,file_link,data/datasets/16-listado-de-inscritos-en-cepre-de-la-universidad-nacional-del-centro-del-peru-uncp/02-descargar.xlsx,11526,application/vnd.openxmlformats-officedocument.spreadsheetml.sheet,downloaded
listado-de-inscritos-en-cepre-de-la-universidad-nacional-del-centro-del-peru-uncp,https://www.datosabiertos.gob.pe/dataset/listado-de-inscritos-en-cepre-de-la-universidad-nacional-del-centro-del-peru-uncp,,https://www.datosabiertos.gob.pe/sites/default/files/METADATOS%20CEPRE%202024-II.docx,https://www.datosabiertos.gob.pe/sites/default/files/METADATOS%20CEPRE%202024-II.docx,Descargar  ,file_link,data/datasets/16-listado-de-inscritos-en-cepre-de-la-universidad-nacional-del-centro-del-peru-uncp/03-descargar.docx,20588,application/vnd.openxmlformats-officedocument.wordprocessingml.document,downloaded
listado-de-postulantes-al-proceso-del-examen-de-admisi%C3%B3n-2024-1-de-la-universidad-nacional,https://www.datosabiertos.gob.pe/dataset/listado-de-postulantes-al-proceso-del-examen-de-admisi%C3%B3n-2024-1-de-la-universidad-nacional,,https://www.datosabiertos.gob.pe/sites/default/files/POSTULANTES%20AL%20EXAMEN%20DE%20ADMISION%202024-1.csv,https://www.datosabiertos.gob.pe/sites/default/files/POSTULANTES%20AL%20EXAMEN%20DE%20ADMISION%202024-1.csv,Descargar  ,file_link,data/datasets/17-listado-de-postulantes-al-proceso-del-examen-de-admisi-c3-b3n-2024-1-de-la-universidad-nac/01-descargar.csv,1551237,application/octet-stream,downloaded
listado-de-postulantes-al-proceso-del-examen-de-admisi%C3%B3n-2024-1-de-la-universidad-nacional,https://www.datosabiertos.gob.pe/dataset/listado-de-postulantes-al-proceso-del-examen-de-admisi%C3%B3n-2024-1-de-la-universidad-nacional,,https://www.datosabiertos.gob.pe/sites/default/files/DICCIONARIO%20DE%20DATOS%20POSTULANTES%202024-1_0.xlsx,https://www.datosabiertos.gob.pe/sites/default/files/DICCIONARIO%20DE%20DATOS%20POSTULANTES%202024-1_0.xlsx,Descargar  ,file_link,data/datasets/17-listado-de-postulantes-al-proceso-del-examen-de-admisi-c3-b3n-2024-1-de-la-universidad-nac/02-descargar.xlsx,11898,application/vnd.openxmlformats-officedocument.spreadsheetml.sheet,downloaded
listado-de-postulantes-al-proceso-del-examen-de-admisi%C3%B3n-2024-1-de-la-universidad-nacional,https://www.datosabiertos.gob.pe/dataset/listado-de-postulantes-al-proceso-del-examen-de-admisi%C3%B3n-2024-1-de-la-universidad-nacional,,https://www.datosabiertos.gob.pe/sites/default/files/METADATOS%20POSTULANTES%202024-1.docx,https://www.datosabiertos.gob.pe/sites/default/files/METADATOS%20POSTULANTES%202024-1.docx,Descargar  ,file_link,data/datasets/17-listado-de-postulantes-al-proceso-del-examen-de-admisi-c3-b3n-2024-1-de-la-universidad-nac/03-descargar.docx,21417,application/vnd.openxmlformats-officedocument.wordprocessingml.document,downloaded
listado-de-estudiantes-egresados-en-el-periodo-academico-2024-i-universidad-nacional-del,https://www.datosabiertos.gob.pe/dataset/listado-de-estudiantes-egresados-en-el-periodo-academico-2024-i-universidad-nacional-del,"Este conjunto de datos recopila información acerca de los estudiantes egresados durante el periodo academico 2024 - I Este DATASET esta caracterizado por: - Fecha de corte - Documento Nacional de Identidad del postulante - Escuela Profesional - Periodo de Admisión - Periodo de Egreso - Nota Promedio - Sexo del postulante: femenino y masculino Las escuelas profesionales que brinda la Universidad Nacional Del Centro del Perú para cualquier persona a nivel nacional son: INGENIERIA DE SISTEMAS INGENIERIA DE MINAS EDUCACION INICIAL MEDICINA HUMANA ARQUITECTURA INGENIERIA MECANICA ADMINISTRACION DE EMPRESAS DERECHO Y CIENCIAS POLÍTICAS INGENIERIA ELECTRICA TRABAJO SOCIAL EDUCACION SECUNDARIA: LENGUAS, LITERATURA Y COMUNICACION INGENIERIA CIVIL CIENCIAS DE LA COMUNICACION ECONOMIA SOCIOLOGIA EDUCACION PRIMARIA ZOOTECNIA INGENIERIA METALURGICA Y DE MATERIALES ENFERMERIA AGRONOMIA TROPICAL ANTROPOLOGIA CONTABILIDAD EDUCACION SECUNDARIA: FILOSOFIA, CIENCIAS SOCIALES Y RELACIONES HUMANAS INGENIERIA QUIMICA INDUSTRIAL INGENIERIA QUIMICA AMBIENTAL CIENCIAS FORESTALES Y DEL AMBIENTE EDUCACION SECUNDARIA: CIENCIAS NATURALES Y AMBIENTALES EDUCACION FISICA Y PSICOMOTRICIDAD EDUCACION SECUNDARIA: CIENCIAS MATEMATICAS E INFORMATICA INGENIERIA QUIMICA ZOOTECNIA TROPICAL INGENIERIA FORESTAL TROPICAL AGRONOMIA ADMINISTRACIÓN HOTELERA Y TURISMO ADMINISTRACION DE NEGOCIOS INGENIERIA EN INDUSTRIAS ALIMENTARIAS INGENIERIA AGROINDUSTRIAL INGENIERIA EN INDUSTRIAS ALIMENTARIAS TROPICAL",https://www.datosabiertos.gob.pe/sites/default/files/DATASET_EGRESADOS_2024_I.csv,https://www.datosabiertos.gob.pe/sites/default/files/DATASET_EGRESADOS_2024_I.csv,Descargar  ,file_link,data/datasets/18-listado-de-estudiantes-egresados-en-el-periodo-academico-2024-i-universidad-nacional-del/01-descargar.csv,45652,application/octet-stream,downloaded
listado-de-estudiantes-egresados-en-el-periodo-academico-2024-i-universidad-nacional-del,https://www.datosabiertos.gob.pe/dataset/listado-de-estudiantes-egresados-en-el-periodo-academico-2024-i-universidad-nacional-del,"Este conjunto de datos recopila información acerca de los estudiantes egresados durante el periodo academico 2024 - I Este DATASET esta caracterizado por: - Fecha de corte - Documento Nacional de Identidad del postulante - Escuela Profesional - Periodo de Admisión - Periodo de Egreso - Nota Promedio - Sexo del postulante: femenino y masculino Las escuelas profesionales que brinda la Universidad Nacional Del Centro del Perú para cualquier persona a nivel nacional son: INGENIERIA DE SISTEMAS INGENIERIA DE MINAS EDUCACION INICIAL MEDICINA HUMANA ARQUITECTURA INGENIERIA MECANICA ADMINISTRACION DE EMPRESAS DERECHO Y CIENCIAS POLÍTICAS INGENIERIA ELECTRICA TRABAJO SOCIAL EDUCACION SECUNDARIA: LENGUAS, LITERATURA Y COMUNICACION INGENIERIA CIVIL CIENCIAS DE LA COMUNICACION ECONOMIA SOCIOLOGIA EDUCACION PRIMARIA ZOOTECNIA INGENIERIA METALURGICA Y DE MATERIALES ENFERMERIA AGRONOMIA TROPICAL ANTROPOLOGIA CONTABILIDAD EDUCACION SECUNDARIA: FILOSOFIA, CIENCIAS SOCIALES Y RELACIONES HUMANAS INGENIERIA QUIMICA INDUSTRIAL INGENIERIA QUIMICA AMBIENTAL CIENCIAS FORESTALES Y DEL AMBIENTE EDUCACION SECUNDARIA: CIENCIAS NATURALES Y AMBIENTALES EDUCACION FISICA Y PSICOMOTRICIDAD EDUCACION SECUNDARIA: CIENCIAS MATEMATICAS E INFORMATICA INGENIERIA QUIMICA ZOOTECNIA TROPICAL INGENIERIA FORESTAL TROPICAL AGRONOMIA ADMINISTRACIÓN HOTELERA Y TURISMO ADMINISTRACION DE NEGOCIOS INGENIERIA EN INDUSTRIAS ALIMENTARIAS INGENIERIA AGROINDUSTRIAL INGENIERIA EN INDUSTRIAS ALIMENTARIAS TROPICAL",https://www.datosabiertos.gob.pe/sites/default/files/DICCIONARIO%20DE%20DATOS%20EGRESADOS_2024_I.xlsx,https://www.datosabiertos.gob.pe/sites/default/files/DICCIONARIO%20DE%20DATOS%20EGRESADOS_2024_I.xlsx,Descargar  ,file_link,data/datasets/18-listado-de-estudiantes-egresados-en-el-periodo-academico-2024-i-universidad-nacional-del/02-descargar.xlsx,11103,application/vnd.openxmlformats-officedocument.spreadsheetml.sheet,downloaded
listado-de-estudiantes-egresados-en-el-periodo-academico-2024-i-universidad-nacional-del,https://www.datosabiertos.gob.pe/dataset/listado-de-estudiantes-egresados-en-el-periodo-academico-2024-i-universidad-nacional-del,"Este conjunto de datos recopila información acerca de los estudiantes egresados durante el periodo academico 2024 - I Este DATASET esta caracterizado por: - Fecha de corte - Documento Nacional de Identidad del postulante - Escuela Profesional - Periodo de Admisión - Periodo de Egreso - Nota Promedio - Sexo del postulante: femenino y masculino Las escuelas profesionales que brinda la Universidad Nacional Del Centro del Perú para cualquier persona a nivel nacional son: INGENIERIA DE SISTEMAS INGENIERIA DE MINAS EDUCACION INICIAL MEDICINA HUMANA ARQUITECTURA INGENIERIA MECANICA ADMINISTRACION DE EMPRESAS DERECHO Y CIENCIAS POLÍTICAS INGENIERIA ELECTRICA TRABAJO SOCIAL EDUCACION SECUNDARIA: LENGUAS, LITERATURA Y COMUNICACION INGENIERIA CIVIL CIENCIAS DE LA COMUNICACION ECONOMIA SOCIOLOGIA EDUCACION PRIMARIA ZOOTECNIA INGENIERIA METALURGICA Y DE MATERIALES ENFERMERIA AGRONOMIA TROPICAL ANTROPOLOGIA CONTABILIDAD EDUCACION SECUNDARIA: FILOSOFIA, CIENCIAS SOCIALES Y RELACIONES HUMANAS INGENIERIA QUIMICA INDUSTRIAL INGENIERIA QUIMICA AMBIENTAL CIENCIAS FORESTALES Y DEL AMBIENTE EDUCACION SECUNDARIA: CIENCIAS NATURALES Y AMBIENTALES EDUCACION FISICA Y PSICOMOTRICIDAD EDUCACION SECUNDARIA: CIENCIAS MATEMATICAS E INFORMATICA INGENIERIA QUIMICA ZOOTECNIA TROPICAL INGENIERIA FORESTAL TROPICAL AGRONOMIA ADMINISTRACIÓN HOTELERA Y TURISMO ADMINISTRACION DE NEGOCIOS INGENIERIA EN INDUSTRIAS ALIMENTARIAS INGENIERIA AGROINDUSTRIAL INGENIERIA EN INDUSTRIAS ALIMENTARIAS TROPICAL",https://www.datosabiertos.gob.pe/sites/default/files/METADATOS_egresados%202024-1.docx,https://www.datosabiertos.gob.pe/sites/default/files/METADATOS_egresados%202024-1.docx,Descargar  ,file_link,data/datasets/18-listado-de-estudiantes-egresados-en-el-periodo-academico-2024-i-universidad-nacional-del/03-descargar.docx,20585,application/vnd.openxmlformats-officedocument.wordprocessingml.document,downloaded
listado-de-estudiantes-que-obtuvieron-el-grado-de-bachiller-en-el-periodo-2024-i-universidad,https://www.datosabiertos.gob.pe/dataset/listado-de-estudiantes-que-obtuvieron-el-grado-de-bachiller-en-el-periodo-2024-i-universidad,"Este conjunto de datos recopila información acerca de los estudiantes egresados que obtubieron el grado de bachiller durante el periodo 2024 - I Las modalidades de obtención de bachiller son: Bachillerato Automático. Curso Trabajo de Investigación. Este DATASET esta caracterizado por: Documento Nacional de Identidad del postulante, anonimizado. Facultad al que pertenece el estudiante. Sexo del postulante: femenino y masculino Fecha de matrícula del estudiante. Fecha de egreso del estudiante Denominación del grado obtenido Modo de obtención del grado de bachiller. Programa de estudio del estudiante.",https://www.datosabiertos.gob.pe/sites/default/files/dataset_bachiller_2024_I_listo.csv,https://www.datosabiertos.gob.pe/sites/default/files/dataset_bachiller_2024_I_listo.csv,Descargar  ,file_link,data/datasets/19-listado-de-estudiantes-que-obtuvieron-el-grado-de-bachiller-en-el-periodo-2024-i-universid/01-descargar.csv,398387,application/octet-stream,downloaded
listado-de-estudiantes-que-obtuvieron-el-grado-de-bachiller-en-el-periodo-2024-i-universidad,https://www.datosabiertos.gob.pe/dataset/listado-de-estudiantes-que-obtuvieron-el-grado-de-bachiller-en-el-periodo-2024-i-universidad,"Este conjunto de datos recopila información acerca de los estudiantes egresados que obtubieron el grado de bachiller durante el periodo 2024 - I Las modalidades de obtención de bachiller son: Bachillerato Automático. Curso Trabajo de Investigación. Este DATASET esta caracterizado por: Documento Nacional de Identidad del postulante, anonimizado. Facultad al que pertenece el estudiante. Sexo del postulante: femenino y masculino Fecha de matrícula del estudiante. Fecha de egreso del estudiante Denominación del grado obtenido Modo de obtención del grado de bachiller. Programa de estudio del estudiante.",https://www.datosabiertos.gob.pe/sites/default/files/DICCIONARIO%20DE%20DATOS%20BACHILLERES.xlsx,https://www.datosabiertos.gob.pe/sites/default/files/DICCIONARIO%20DE%20DATOS%20BACHILLERES.xlsx,Descargar  ,file_link,data/datasets/19-listado-de-estudiantes-que-obtuvieron-el-grado-de-bachiller-en-el-periodo-2024-i-universid/02-descargar.xlsx,11194,application/vnd.openxmlformats-officedocument.spreadsheetml.sheet,downloaded
listado-de-estudiantes-que-obtuvieron-el-grado-de-bachiller-en-el-periodo-2024-i-universidad,https://www.datosabiertos.gob.pe/dataset/listado-de-estudiantes-que-obtuvieron-el-grado-de-bachiller-en-el-periodo-2024-i-universidad,"Este conjunto de datos recopila información acerca de los estudiantes egresados que obtubieron el grado de bachiller durante el periodo 2024 - I Las modalidades de obtención de bachiller son: Bachillerato Automático. Curso Trabajo de Investigación. Este DATASET esta caracterizado por: Documento Nacional de Identidad del postulante, anonimizado. Facultad al que pertenece el estudiante. Sexo del postulante: femenino y masculino Fecha de matrícula del estudiante. Fecha de egreso del estudiante Denominación del grado obtenido Modo de obtención del grado de bachiller. Programa de estudio del estudiante.",https://www.datosabiertos.gob.pe/sites/default/files/METADATOS%20BACHILLERES%202024-1.docx,https://www.datosabiertos.gob.pe/sites/default/files/METADATOS%20BACHILLERES%202024-1.docx,Descargar  ,file_link,data/datasets/19-listado-de-estudiantes-que-obtuvieron-el-grado-de-bachiller-en-el-periodo-2024-i-universid/03-descargar.docx,20803,application/vnd.openxmlformats-officedocument.wordprocessingml.document,downloaded
listado-de-estudiantes-beneficiarios-del-comedor-universitario-2025-1-universidad-nacional,https://www.datosabiertos.gob.pe/dataset/listado-de-estudiantes-beneficiarios-del-comedor-universitario-2025-1-universidad-nacional,Este conjunto de datos recopila información sobre de los beneficiaros al servicio de comedor que pertenecen a la sede central de El Tambo que está ubicada en Huancayo y la sede de El Mantaro que está ubicada en Jauja. Este DATASET esta caracterizado por: Documento Nacional de Identidad anonimizado. Servicio que recibe el estudiante beneficiario. Nombre de la facultad del estudiante beneficiario. Nombre de la escuela profesional del estudiante beneficiario. Departamento donde recibe el estudiante recibe el beneficio. Provincia donde recibe el estudiante recibe el beneficio. Distrito donde recibe el estudiante recibe el beneficio. Código de ubicación geográfica donde el estudiante recibe el beneficio. Periodo académico del estudiante beneficiario.,https://www.datosabiertos.gob.pe/sites/default/files/DATASET_COMEDOR_2025_I.csv,https://www.datosabiertos.gob.pe/sites/default/files/DATASET_COMEDOR_2025_I.csv,Descargar  ,file_link,data/datasets/20-listado-de-estudiantes-beneficiarios-del-comedor-universitario-2025-1-universidad-nacional/01-descargar.csv,271140,application/octet-stream,downloaded
listado-de-estudiantes-beneficiarios-del-comedor-universitario-2025-1-universidad-nacional,https://www.datosabiertos.gob.pe/dataset/listado-de-estudiantes-beneficiarios-del-comedor-universitario-2025-1-universidad-nacional,Este conjunto de datos recopila información sobre de los beneficiaros al servicio de comedor que pertenecen a la sede central de El Tambo que está ubicada en Huancayo y la sede de El Mantaro que está ubicada en Jauja. Este DATASET esta caracterizado por: Documento Nacional de Identidad anonimizado. Servicio que recibe el estudiante beneficiario. Nombre de la facultad del estudiante beneficiario. Nombre de la escuela profesional del estudiante beneficiario. Departamento donde recibe el estudiante recibe el beneficio. Provincia donde recibe el estudiante recibe el beneficio. Distrito donde recibe el estudiante recibe el beneficio. Código de ubicación geográfica donde el estudiante recibe el beneficio. Periodo académico del estudiante beneficiario.,https://www.datosabiertos.gob.pe/sites/default/files/Formato_DiccionarioDatos_comedor_2025_I.xlsx,https://www.datosabiertos.gob.pe/sites/default/files/Formato_DiccionarioDatos_comedor_2025_I.xlsx,Descargar  ,file_link,data/datasets/20-listado-de-estudiantes-beneficiarios-del-comedor-universitario-2025-1-universidad-nacional/02-descargar.xlsx,11491,application/vnd.openxmlformats-officedocument.spreadsheetml.sheet,downloaded
listado-de-estudiantes-beneficiarios-del-comedor-universitario-2025-1-universidad-nacional,https://www.datosabiertos.gob.pe/dataset/listado-de-estudiantes-beneficiarios-del-comedor-universitario-2025-1-universidad-nacional,Este conjunto de datos recopila información sobre de los beneficiaros al servicio de comedor que pertenecen a la sede central de El Tambo que está ubicada en Huancayo y la sede de El Mantaro que está ubicada en Jauja. Este DATASET esta caracterizado por: Documento Nacional de Identidad anonimizado. Servicio que recibe el estudiante beneficiario. Nombre de la facultad del estudiante beneficiario. Nombre de la escuela profesional del estudiante beneficiario. Departamento donde recibe el estudiante recibe el beneficio. Provincia donde recibe el estudiante recibe el beneficio. Distrito donde recibe el estudiante recibe el beneficio. Código de ubicación geográfica donde el estudiante recibe el beneficio. Periodo académico del estudiante beneficiario.,https://www.datosabiertos.gob.pe/sites/default/files/Formato_Metadatos_comedor_2.docx,https://www.datosabiertos.gob.pe/sites/default/files/Formato_Metadatos_comedor_2.docx,Descargar  ,file_link,data/datasets/20-listado-de-estudiantes-beneficiarios-del-comedor-universitario-2025-1-universidad-nacional/03-descargar.docx,19336,application/vnd.openxmlformats-officedocument.wordprocessingml.document,downloaded
listado-de-ingresantes-al-periodo-academico-2024-i-universidad-nacional-del-centro-del-per%C3%BA,https://www.datosabiertos.gob.pe/dataset/listado-de-ingresantes-al-periodo-academico-2024-i-universidad-nacional-del-centro-del-per%C3%BA,Listado de ingresantes en el proceso del Examen de Admisión 2024-1 – [Universidad Nacional del Centro del Perú – UNCP] Las modalidades de postulación son: Normal Ordinario Participante Libre Ordinario Afectados Por La Violencia Social Comunidades Indígenas Deportista Destacado Discapacidad Hijo De Comuneros Primeros Puestos Segunda Carrera Traslado Externo Traslado Interno Este DATASET esta caracterizado por: FECHA_CORTE UUID MODO_INGRESO MATRICULA_REALIZADA ESCUELA_PROFESIONAL UBIGEO_DOMICILIO.,https://www.datosabiertos.gob.pe/sites/default/files/DATASET_INGRESANTES_2024_1.csv,https://www.datosabiertos.gob.pe/sites/default/files/DATASET_INGRESANTES_2024_1.csv,Descargar  ,file_link,data/datasets/21-listado-de-ingresantes-al-periodo-academico-2024-i-universidad-nacional-del-centro-del-per/01-descargar.csv,197667,application/octet-stream,downloaded
listado-de-ingresantes-al-periodo-academico-2024-i-universidad-nacional-del-centro-del-per%C3%BA,https://www.datosabiertos.gob.pe/dataset/listado-de-ingresantes-al-periodo-academico-2024-i-universidad-nacional-del-centro-del-per%C3%BA,Listado de ingresantes en el proceso del Examen de Admisión 2024-1 – [Universidad Nacional del Centro del Perú – UNCP] Las modalidades de postulación son: Normal Ordinario Participante Libre Ordinario Afectados Por La Violencia Social Comunidades Indígenas Deportista Destacado Discapacidad Hijo De Comuneros Primeros Puestos Segunda Carrera Traslado Externo Traslado Interno Este DATASET esta caracterizado por: FECHA_CORTE UUID MODO_INGRESO MATRICULA_REALIZADA ESCUELA_PROFESIONAL UBIGEO_DOMICILIO.,https://www.datosabiertos.gob.pe/sites/default/files/DICCIONARIO%20DE%20DATOS%20INGRESANTES.xlsx,https://www.datosabiertos.gob.pe/sites/default/files/DICCIONARIO%20DE%20DATOS%20INGRESANTES.xlsx,Descargar  ,file_link,data/datasets/21-listado-de-ingresantes-al-periodo-academico-2024-i-universidad-nacional-del-centro-del-per/02-descargar.xlsx,11057,application/vnd.openxmlformats-officedocument.spreadsheetml.sheet,downloaded
listado-de-ingresantes-al-periodo-academico-2024-i-universidad-nacional-del-centro-del-per%C3%BA,https://www.datosabiertos.gob.pe/dataset/listado-de-ingresantes-al-periodo-academico-2024-i-universidad-nacional-del-centro-del-per%C3%BA,Listado de ingresantes en el proceso del Examen de Admisión 2024-1 – [Universidad Nacional del Centro del Perú – UNCP] Las modalidades de postulación son: Normal Ordinario Participante Libre Ordinario Afectados Por La Violencia Social Comunidades Indígenas Deportista Destacado Discapacidad Hijo De Comuneros Primeros Puestos Segunda Carrera Traslado Externo Traslado Interno Este DATASET esta caracterizado por: FECHA_CORTE UUID MODO_INGRESO MATRICULA_REALIZADA ESCUELA_PROFESIONAL UBIGEO_DOMICILIO.,https://www.datosabiertos.gob.pe/sites/default/files/METADATOS%20INGRESANTES.docx,https://www.datosabiertos.gob.pe/sites/default/files/METADATOS%20INGRESANTES.docx,Descargar  ,file_link,data/datasets/21-listado-de-ingresantes-al-periodo-academico-2024-i-universidad-nacional-del-centro-del-per/03-descargar.docx,21177,application/vnd.openxmlformats-officedocument.wordprocessingml.document,downloaded
listado-de-estudiantes-egresados-de-la-universidad-nacional-del-centro-del-per%C3%BA-2022-2-uncp,https://www.datosabiertos.gob.pe/dataset/listado-de-estudiantes-egresados-de-la-universidad-nacional-del-centro-del-per%C3%BA-2022-2-uncp,,https://www.datosabiertos.gob.pe/sites/default/files/ESTUDIANTES%20EGRESADOS%202022-2%20UNCP.csv,https://www.datosabiertos.gob.pe/sites/default/files/ESTUDIANTES%20EGRESADOS%202022-2%20UNCP.csv,Descargar  ,file_link,data/datasets/22-listado-de-estudiantes-egresados-de-la-universidad-nacional-del-centro-del-per-c3-ba-2022/01-descargar.csv,161429,application/octet-stream,downloaded
listado-de-estudiantes-egresados-de-la-universidad-nacional-del-centro-del-per%C3%BA-2022-2-uncp,https://www.datosabiertos.gob.pe/dataset/listado-de-estudiantes-egresados-de-la-universidad-nacional-del-centro-del-per%C3%BA-2022-2-uncp,,https://www.datosabiertos.gob.pe/sites/default/files/Formato_DiccionarioDatos_egresados.xlsx,https://www.datosabiertos.gob.pe/sites/default/files/Formato_DiccionarioDatos_egresados.xlsx,Descargar  ,file_link,data/datasets/22-listado-de-estudiantes-egresados-de-la-universidad-nacional-del-centro-del-per-c3-ba-2022/02-descargar.xlsx,11582,application/vnd.openxmlformats-officedocument.spreadsheetml.sheet,downloaded
listado-de-estudiantes-egresados-de-la-universidad-nacional-del-centro-del-per%C3%BA-2022-2-uncp,https://www.datosabiertos.gob.pe/dataset/listado-de-estudiantes-egresados-de-la-universidad-nacional-del-centro-del-per%C3%BA-2022-2-uncp,,https://www.datosabiertos.gob.pe/sites/default/files/Formato_Metadatos_egresados.docx,https://www.datosabiertos.gob.pe/sites/default/files/Formato_Metadatos_egresados.docx,Descargar  ,file_link,data/datasets/22-listado-de-estudiantes-egresados-de-la-universidad-nacional-del-centro-del-per-c3-ba-2022/03-descargar.docx,19104,application/vnd.openxmlformats-officedocument.wordprocessingml.document,downloaded
listado-de-estudiantes-beneficiarios-del-comedor-universitario-de-la-universidad-nacional,https://www.datosabiertos.gob.pe/dataset/listado-de-estudiantes-beneficiarios-del-comedor-universitario-de-la-universidad-nacional,,https://www.datosabiertos.gob.pe/sites/default/files/ESTUDIANTES%20BENEFICIARIOS%20COMEDOR%202023-1%20UNCP.csv,https://www.datosabiertos.gob.pe/sites/default/files/ESTUDIANTES%20BENEFICIARIOS%20COMEDOR%202023-1%20UNCP.csv,Descargar  ,file_link,data/datasets/23-listado-de-estudiantes-beneficiarios-del-comedor-universitario-de-la-universidad-nacional/01-descargar.csv,282011,application/octet-stream,downloaded
listado-de-estudiantes-beneficiarios-del-comedor-universitario-de-la-universidad-nacional,https://www.datosabiertos.gob.pe/dataset/listado-de-estudiantes-beneficiarios-del-comedor-universitario-de-la-universidad-nacional,,https://www.datosabiertos.gob.pe/sites/default/files/Formato_DiccionarioDatos_comedor.xlsx,https://www.datosabiertos.gob.pe/sites/default/files/Formato_DiccionarioDatos_comedor.xlsx,Descargar  ,file_link,data/datasets/23-listado-de-estudiantes-beneficiarios-del-comedor-universitario-de-la-universidad-nacional/02-descargar.xlsx,11555,application/vnd.openxmlformats-officedocument.spreadsheetml.sheet,downloaded
listado-de-estudiantes-beneficiarios-del-comedor-universitario-de-la-universidad-nacional,https://www.datosabiertos.gob.pe/dataset/listado-de-estudiantes-beneficiarios-del-comedor-universitario-de-la-universidad-nacional,,https://www.datosabiertos.gob.pe/sites/default/files/Formato_Metadatos_comedor.docx,https://www.datosabiertos.gob.pe/sites/default/files/Formato_Metadatos_comedor.docx,Descargar  ,file_link,data/datasets/23-listado-de-estudiantes-beneficiarios-del-comedor-universitario-de-la-universidad-nacional/03-descargar.docx,19092,application/vnd.openxmlformats-officedocument.wordprocessingml.document,downloaded
lista-de-ingresantes-periodo-2023-1-uncp,https://www.datosabiertos.gob.pe/dataset/lista-de-ingresantes-periodo-2023-1-uncp,ESTE DATASET CONTIENE INFORMACION DE LISTA DE INGRESANTES PERIODO 2023-1 DE LA UNIVERSIDAD NACIONAL DEL CENTRO DEL PERÚ,https://www.datosabiertos.gob.pe/sites/default/files/INGRESANTES%202023-1%20UNCP_1.csv,https://www.datosabiertos.gob.pe/sites/default/files/INGRESANTES%202023-1%20UNCP_1.csv,Descargar  ,file_link,data/datasets/24-lista-de-ingresantes-periodo-2023-1-uncp/01-descargar.csv,292206,application/octet-stream,downloaded
lista-de-ingresantes-periodo-2023-1-uncp,https://www.datosabiertos.gob.pe/dataset/lista-de-ingresantes-periodo-2023-1-uncp,ESTE DATASET CONTIENE INFORMACION DE LISTA DE INGRESANTES PERIODO 2023-1 DE LA UNIVERSIDAD NACIONAL DEL CENTRO DEL PERÚ,https://www.datosabiertos.gob.pe/sites/default/files/Formato_DiccionarioDatos_40.xlsx,https://www.datosabiertos.gob.pe/sites/default/files/Formato_DiccionarioDatos_40.xlsx,Descargar  ,file_link,data/datasets/24-lista-de-ingresantes-periodo-2023-1-uncp/02-descargar.xlsx,11618,application/vnd.openxmlformats-officedocument.spreadsheetml.sheet,downloaded
lista-de-ingresantes-periodo-2023-1-uncp,https://www.datosabiertos.gob.pe/dataset/lista-de-ingresantes-periodo-2023-1-uncp,ESTE DATASET CONTIENE INFORMACION DE LISTA DE INGRESANTES PERIODO 2023-1 DE LA UNIVERSIDAD NACIONAL DEL CENTRO DEL PERÚ,https://www.datosabiertos.gob.pe/sites/default/files/Formato_Metadatos_31.docx,https://www.datosabiertos.gob.pe/sites/default/files/Formato_Metadatos_31.docx,Descargar  ,file_link,data/datasets/24-lista-de-ingresantes-periodo-2023-1-uncp/03-descargar.docx,20866,application/vnd.openxmlformats-officedocument.wordprocessingml.document,downloaded
